epoch,epoch_loss,split,loss,acc,sample_fn
0,1.2732185,train,1.1571707,0.44016694698810194,gumbel_soft
0,1.2732185,val,1.1610734,0.4327941996653653,gumbel_soft
0,1.2732185,test,1.1654409,0.44277234344954436,gumbel_soft
1,1.0876249,train,0.9167895,0.6980938142403289,gumbel_soft
1,1.0876249,val,0.92968345,0.7032905744562187,gumbel_soft
1,1.0876249,test,0.9030313,0.72736393278154,gumbel_soft
2,0.6274254,train,0.37403834,0.930075375319255,gumbel_soft
2,0.6274254,val,0.38225192,0.9155047406581149,gumbel_soft
2,0.6274254,test,0.38428968,0.9157261098570354,gumbel_soft
3,0.26636067,train,0.17492212,0.9568201166967752,gumbel_soft
3,0.26636067,val,0.17727181,0.9560327198364008,gumbel_soft
3,0.26636067,test,0.17979126,0.9589499205752028,gumbel_soft
4,0.12066782,train,0.072638184,0.9922132934653959,gumbel_soft
4,0.12066782,val,0.075325064,0.9908905000929541,gumbel_soft
4,0.12066782,test,0.0938934,0.9834462001504891,gumbel_soft
5,0.05178654,train,0.03602828,0.9946219813534334,gumbel_soft
5,0.05178654,val,0.038872916,0.995445250046477,gumbel_soft
5,0.05178654,test,0.050793476,0.9903854192793244,gumbel_soft
6,0.029788595,train,0.024595901,0.9948503914117818,gumbel_soft
6,0.029788595,val,0.027692875,0.9955382041271612,gumbel_soft
6,0.029788595,test,0.033181023,0.9923083354234595,gumbel_soft
7,0.033801585,train,0.026906336,0.9945181585996387,gumbel_soft
7,0.033801585,val,0.030133268,0.9950734337237405,gumbel_soft
7,0.033801585,test,0.037071235,0.9912214697767745,gumbel_soft
8,0.01864886,train,0.015974628,0.995359122905376,gumbel_soft
8,0.01864886,val,0.018729104,0.9957241122885294,gumbel_soft
8,0.01864886,test,0.023895286,0.9923083354234595,gumbel_soft
9,0.015601985,train,0.014008022,0.9952449178762017,gumbel_soft
9,0.015601985,val,0.016777271,0.9956311582078453,gumbel_soft
9,0.015601985,test,0.0203896,0.9923919404732046,gumbel_soft
10,0.0134944655,train,0.013781337,0.9953279760792375,gumbel_soft
10,0.0134944655,val,0.016570782,0.9956311582078453,gumbel_soft
10,0.0134944655,test,0.022979954,0.9923919404732046,gumbel_soft
11,0.011455125,train,0.010395847,0.9953798874561349,gumbel_soft
11,0.011455125,val,0.013548068,0.9957241122885294,gumbel_soft
11,0.011455125,test,0.016952084,0.9923919404732046,gumbel_soft
12,0.010145569,train,0.009480612,0.9960235885296621,gumbel_soft
12,0.010145569,val,0.011824773,0.9959100204498977,gumbel_soft
12,0.010145569,test,0.013957992,0.9933115960203996,gumbel_soft
13,0.009293588,train,0.008519263,0.9956394443406217,gumbel_soft
13,0.009293588,val,0.011705191,0.9957241122885294,gumbel_soft
13,0.009293588,test,0.016190747,0.9924755455229496,gumbel_soft
14,0.008146627,train,0.0073704263,0.9982350131854897,gumbel_soft
14,0.008146627,val,0.010184436,0.9970254694181074,gumbel_soft
14,0.008146627,test,0.011840765,0.9957361424630048,gumbel_soft
15,0.0072080493,train,0.00666963,0.9983180713885255,gumbel_soft
15,0.0072080493,val,0.009786069,0.9971184234987917,gumbel_soft
15,0.0072080493,test,0.0105577,0.9965721929604549,gumbel_soft
16,0.006610278,train,0.0060367947,0.9986606864760481,gumbel_soft
16,0.006610278,val,0.009139301,0.9970254694181074,gumbel_soft
16,0.006610278,test,0.009959782,0.9971574283086698,gumbel_soft
17,0.0065124305,train,0.005619505,0.9992836229988165,gumbel_soft
17,0.0065124305,val,0.008229389,0.9987915969511062,gumbel_soft
17,0.0065124305,test,0.008987468,0.9990803444528049,gumbel_soft
18,0.0057705585,train,0.0053888345,0.9987541269544633,gumbel_soft
18,0.0057705585,val,0.00812307,0.9977691020635806,gumbel_soft
18,0.0057705585,test,0.009883656,0.9959869576122398,gumbel_soft
19,0.00538153,train,0.0048589986,0.9994082103033701,gumbel_soft
19,0.00538153,val,0.008201444,0.9981409183863171,gumbel_soft
19,0.00538153,test,0.008111137,0.9983278990050999,gumbel_soft
20,0.0051044775,train,0.0050682933,0.9991382711435038,gumbel_soft
20,0.0051044775,val,0.008079535,0.9984197806283696,gumbel_soft
20,0.0051044775,test,0.009383193,0.9967394030599448,gumbel_soft
21,0.0051585236,train,0.0047411197,0.9981208081563155,gumbel_soft
21,0.0051585236,val,0.007901052,0.996746607176055,gumbel_soft
21,0.0051585236,test,0.008947302,0.9959869576122398,gumbel_soft
22,0.005140837,train,0.0044333767,0.9993770634772317,gumbel_soft
22,0.005140837,val,0.0069499398,0.9990704591931586,gumbel_soft
22,0.005140837,test,0.007830582,0.999247554552295,gumbel_soft
23,0.004186003,train,0.004124267,0.9995743267094417,gumbel_soft
23,0.004186003,val,0.007049136,0.9994422755158952,gumbel_soft
23,0.004186003,test,0.0075325896,0.99933115960204,gumbel_soft
24,0.0041388767,train,0.003865396,0.9991694179696422,gumbel_soft
24,0.0041388767,val,0.0063607777,0.9991634132738427,gumbel_soft
24,0.0041388767,test,0.007637432,0.9977426636568849,gumbel_soft
25,0.003938454,train,0.0041861213,0.9996677671878569,gumbel_soft
25,0.003938454,val,0.0069542783,0.9994422755158952,gumbel_soft
25,0.003938454,test,0.007218524,0.9994983697015299,gumbel_soft
26,0.0036422093,train,0.004231296,0.9993147698249548,gumbel_soft
26,0.0036422093,val,0.006488291,0.9987915969511062,gumbel_soft
26,0.0036422093,test,0.006706704,0.99933115960204,gumbel_soft
27,0.0035171686,train,0.0031555172,0.9995120330571649,gumbel_soft
27,0.0035171686,val,0.006476406,0.9987915969511062,gumbel_soft
27,0.0035171686,test,0.006278563,0.998913134353315,gumbel_soft
28,0.0030927686,train,0.0031106682,0.9993978280279906,gumbel_soft
28,0.0030927686,val,0.0066122045,0.9983268265476855,gumbel_soft
28,0.0030927686,test,0.016567025,0.9969902182091799,gumbel_soft
29,0.0030435165,train,0.003021243,0.9994912685064059,gumbel_soft
29,0.0030435165,val,0.0063710934,0.9983268265476855,gumbel_soft
29,0.0030435165,test,0.0059636557,0.99933115960204,gumbel_soft
30,0.0032240986,train,0.002681976,0.9996677671878569,gumbel_soft
30,0.0032240986,val,0.0057798657,0.999349321435211,gumbel_soft
30,0.0032240986,test,0.0056865425,0.999247554552295,gumbel_soft
31,0.0028865451,train,0.0026267625,0.9996885317386158,gumbel_soft
31,0.0028865451,val,0.0056826733,0.9994422755158952,gumbel_soft
31,0.0028865451,test,0.0055094166,0.99933115960204,gumbel_soft
32,0.0029848814,train,0.0028074223,0.9993355343757138,gumbel_soft
32,0.0029848814,val,0.00595435,0.9981409183863171,gumbel_soft
32,0.0029848814,test,0.006406846,0.9983278990050999,gumbel_soft
33,0.0030759058,train,0.0029323078,0.9996781494632364,gumbel_soft
33,0.0030759058,val,0.0059920293,0.9994422755158952,gumbel_soft
33,0.0030759058,test,0.0060693715,0.9994983697015299,gumbel_soft
34,0.0026734713,train,0.002750144,0.9996470026370979,gumbel_soft
34,0.0026734713,val,0.0059608514,0.9994422755158952,gumbel_soft
34,0.0026734713,test,0.0058764075,0.9990803444528049,gumbel_soft
35,0.0027027861,train,0.0023107762,0.9995120330571649,gumbel_soft
35,0.0027027861,val,0.005584416,0.9986056887897379,gumbel_soft
35,0.0027027861,test,0.0056466428,0.998913134353315,gumbel_soft
36,0.003028482,train,0.002233236,0.9995950912602006,gumbel_soft
36,0.003028482,val,0.005476652,0.9987915969511062,gumbel_soft
36,0.003028482,test,0.0046325764,0.999247554552295,gumbel_soft
37,0.013288762,train,0.0067322943,0.9987748915052223,gumbel_soft
37,0.013288762,val,0.007569563,0.9988845510317903,gumbel_soft
37,0.013288762,test,0.008196187,0.998913134353315,gumbel_soft
38,0.0026977146,train,0.0022348121,0.9995224153325443,gumbel_soft
38,0.0026977146,val,0.005147175,0.9988845510317903,gumbel_soft
38,0.0026977146,test,0.004488905,0.9994983697015299,gumbel_soft
39,0.0023382537,train,0.0027859667,0.9989202433605349,gumbel_soft
39,0.0023382537,val,0.005607885,0.9982338724670013,gumbel_soft
39,0.0023382537,test,0.006806084,0.9979098737563749,gumbel_soft
40,0.0024080107,train,0.0020818997,0.9996885317386158,gumbel_soft
40,0.0024080107,val,0.00550785,0.9994422755158952,gumbel_soft
40,0.0024080107,test,0.0050751274,0.9994983697015299,gumbel_soft
41,0.002126457,train,0.0022583073,0.9993251521003343,gumbel_soft
41,0.002126457,val,0.004604063,0.9986056887897379,gumbel_soft
41,0.002126457,test,0.004649861,0.9987459242538249,gumbel_soft
42,0.0020620902,train,0.0018750397,0.999626238086339,gumbel_soft
42,0.0020620902,val,0.005401305,0.9982338724670013,gumbel_soft
42,0.0020620902,test,0.0038130288,0.9994147646517849,gumbel_soft
43,0.0022441475,train,0.002144575,0.9995950912602006,gumbel_soft
43,0.0022441475,val,0.004756977,0.9992563673545268,gumbel_soft
43,0.0022441475,test,0.0047529675,0.9994147646517849,gumbel_soft
44,0.002035362,train,0.0017794187,0.9996470026370979,gumbel_soft
44,0.002035362,val,0.0050530634,0.9985127347090538,gumbel_soft
44,0.002035362,test,0.004275088,0.9988295293035699,gumbel_soft
45,0.002051912,train,0.0019219939,0.9996885317386158,gumbel_soft
45,0.002051912,val,0.004883255,0.9994422755158952,gumbel_soft
45,0.002051912,test,0.0045210393,0.9994983697015299,gumbel_soft
46,0.0018041485,train,0.0017072349,0.9996677671878569,gumbel_soft
46,0.0018041485,val,0.004008061,0.9994422755158952,gumbel_soft
46,0.0018041485,test,0.0042810347,0.9994983697015299,gumbel_soft
47,0.00200494,train,0.0019340446,0.99960547353558,gumbel_soft
47,0.00200494,val,0.004490401,0.9994422755158952,gumbel_soft
47,0.00200494,test,0.004542178,0.9994147646517849,gumbel_soft
48,0.0016324425,train,0.0015734409,0.9996158558109596,gumbel_soft
48,0.0016324425,val,0.004095255,0.9986056887897379,gumbel_soft
48,0.0016324425,test,0.0039938767,0.9991639495025499,gumbel_soft
49,0.0017002198,train,0.0014737715,0.9997612076662722,gumbel_soft
49,0.0017002198,val,0.0037961781,0.9990704591931586,gumbel_soft
49,0.0017002198,test,0.0037731274,0.9994147646517849,gumbel_soft
50,0.0017208004,train,0.0013588569,0.9997404431155132,gumbel_soft
50,0.0017208004,val,0.00394921,0.9991634132738427,gumbel_soft
50,0.0017208004,test,0.004520403,0.99933115960204,gumbel_soft
51,0.0019266701,train,0.0019306256,0.9994912685064059,gumbel_soft
51,0.0019266701,val,0.004541618,0.9985127347090538,gumbel_soft
51,0.0019266701,test,0.0043593687,0.999247554552295,gumbel_soft
52,0.0017013091,train,0.0012660695,0.9997404431155132,gumbel_soft
52,0.0017013091,val,0.0043756217,0.9988845510317903,gumbel_soft
52,0.0017013091,test,0.0038105513,0.9994983697015299,gumbel_soft
53,0.0013110024,train,0.001644403,0.9996885317386158,gumbel_soft
53,0.0013110024,val,0.005016242,0.9994422755158952,gumbel_soft
53,0.0013110024,test,0.005425203,0.9994147646517849,gumbel_soft
54,0.0014495776,train,0.0014739142,0.9997196785647543,gumbel_soft
54,0.0014495776,val,0.004409019,0.9994422755158952,gumbel_soft
54,0.0014495776,test,0.0041779433,0.9994983697015299,gumbel_soft
55,0.0015460924,train,0.0012368838,0.9996989140139954,gumbel_soft
55,0.0015460924,val,0.0044095605,0.9990704591931586,gumbel_soft
55,0.0015460924,test,0.0041696844,0.9994983697015299,gumbel_soft
56,0.0014261452,train,0.0036620086,0.9991901825204011,gumbel_soft
56,0.0014261452,val,0.0041290186,0.9990704591931586,gumbel_soft
56,0.0014261452,test,0.0045869667,0.9991639495025499,gumbel_soft
57,0.0013002087,train,0.02494982,0.9955563861375859,gumbel_soft
57,0.0013002087,val,0.004528317,0.9988845510317903,gumbel_soft
57,0.0013002087,test,0.004367765,0.9994983697015299,gumbel_soft
58,0.0012725887,train,0.0009730615,0.9998754126954463,gumbel_soft
58,0.0012725887,val,0.0037497305,0.9989775051124744,gumbel_soft
58,0.0012725887,test,0.0044572325,0.9994983697015299,gumbel_soft
59,0.0010262256,train,0.0010201511,0.9997612076662722,gumbel_soft
59,0.0010262256,val,0.003962009,0.9990704591931586,gumbel_soft
59,0.0010262256,test,0.004530249,0.9994983697015299,gumbel_soft
60,0.001163968,train,0.000937816,0.9999065595215848,gumbel_soft
60,0.001163968,val,0.004459011,0.9985127347090538,gumbel_soft
60,0.001163968,test,0.0037293234,0.9994983697015299,gumbel_soft
61,0.0011014856,train,0.001035338,0.999823501318549,gumbel_soft
61,0.0011014856,val,0.0039690053,0.9989775051124744,gumbel_soft
61,0.0011014856,test,0.0045326618,0.9994983697015299,gumbel_soft
62,0.0010142318,train,0.00088025705,0.9998754126954463,gumbel_soft
62,0.0010142318,val,0.0038551337,0.9989775051124744,gumbel_soft
62,0.0010142318,test,0.004364803,0.9994983697015299,gumbel_soft
63,0.00095287286,train,0.00084315264,0.9998546481446874,gumbel_soft
63,0.00095287286,val,0.00411934,0.9988845510317903,gumbel_soft
63,0.00095287286,test,0.00438083,0.9994983697015299,gumbel_soft
64,0.0010505131,train,0.0009367426,0.999844265869308,gumbel_soft
64,0.0010505131,val,0.004801655,0.9989775051124744,gumbel_soft
64,0.0010505131,test,0.003870224,0.9994147646517849,gumbel_soft
65,0.00076392596,train,0.00067958725,0.9998961772462053,gumbel_soft
65,0.00076392596,val,0.0053110654,0.9989775051124744,gumbel_soft
65,0.00076392596,test,0.0054125125,0.9994147646517849,gumbel_soft
66,0.0006929904,train,0.01587988,0.9974355779812704,gumbel_soft
66,0.0006929904,val,0.005041311,0.9989775051124744,gumbel_soft
66,0.0006929904,test,0.0041003474,0.9994147646517849,gumbel_soft
67,0.0006463621,train,0.000745799,0.9998961772462053,gumbel_soft
67,0.0006463621,val,0.005165983,0.9990704591931586,gumbel_soft
67,0.0006463621,test,0.0052483454,0.9994147646517849,gumbel_soft
68,0.000643158,train,0.0008170591,0.9998857949708259,gumbel_soft
68,0.000643158,val,0.004773759,0.9989775051124744,gumbel_soft
68,0.000643158,test,0.004150007,0.9994983697015299,gumbel_soft
69,0.0007270516,train,0.0008028056,0.9998546481446874,gumbel_soft
69,0.0007270516,val,0.0054056593,0.9990704591931586,gumbel_soft
69,0.0007270516,test,0.0052230256,0.9994983697015299,gumbel_soft
70,0.000717486,train,0.0005790978,0.9999688531738616,gumbel_soft
70,0.000717486,val,0.0050831567,0.9988845510317903,gumbel_soft
70,0.000717486,test,0.0048410385,0.99933115960204,gumbel_soft
71,0.0006975956,train,0.00065682514,0.9998754126954463,gumbel_soft
71,0.0006975956,val,0.0062216907,0.9989775051124744,gumbel_soft
71,0.0006975956,test,0.0064168964,0.9994983697015299,gumbel_soft
72,0.00061052333,train,0.00056876184,0.9999377063477232,gumbel_soft
72,0.00061052333,val,0.005401245,0.9989775051124744,gumbel_soft
72,0.00061052333,test,0.0044818567,0.9994983697015299,gumbel_soft
73,0.0006212086,train,0.0006162311,0.9998857949708259,gumbel_soft
73,0.0006212086,val,0.005601375,0.9989775051124744,gumbel_soft
73,0.0006212086,test,0.0049675032,0.9994983697015299,gumbel_soft
74,0.00078131026,train,0.000538721,0.9999377063477232,gumbel_soft
74,0.00078131026,val,0.0049352674,0.9989775051124744,gumbel_soft
74,0.00078131026,test,0.0046355943,0.9994983697015299,gumbel_soft
75,0.00052777445,train,0.0005108564,0.9999584708984821,gumbel_soft
75,0.00052777445,val,0.0064413114,0.9989775051124744,gumbel_soft
75,0.00052777445,test,0.0044876225,0.99933115960204,gumbel_soft
76,0.00055100647,train,0.00069785037,0.9998338835939284,gumbel_soft
76,0.00055100647,val,0.0050146324,0.9992563673545268,gumbel_soft
76,0.00055100647,test,0.005904237,0.9994983697015299,gumbel_soft
77,0.00071458344,train,0.0004420073,0.9999584708984821,gumbel_soft
77,0.00071458344,val,0.004915537,0.9989775051124744,gumbel_soft
77,0.00071458344,test,0.004220746,0.9994147646517849,gumbel_soft
78,0.0005322524,train,0.00061675796,0.9999584708984821,gumbel_soft
78,0.0005322524,val,0.0052556456,0.9989775051124744,gumbel_soft
78,0.0005322524,test,0.0046785222,0.9990803444528049,gumbel_soft
79,0.0005676765,train,0.00043763767,0.9999377063477232,gumbel_soft
79,0.0005676765,val,0.006601465,0.9989775051124744,gumbel_soft
79,0.0005676765,test,0.0048142257,0.9994147646517849,gumbel_soft
80,0.00057447195,train,0.00052761193,0.9999377063477232,gumbel_soft
80,0.00057447195,val,0.0075784745,0.9988845510317903,gumbel_soft
80,0.00057447195,test,0.005119469,0.9994983697015299,gumbel_soft
81,0.00045421903,train,0.000413093,0.9999480886231027,gumbel_soft
81,0.00045421903,val,0.0044587315,0.9989775051124744,gumbel_soft
81,0.00045421903,test,0.004617616,0.9994983697015299,gumbel_soft
82,0.00063666794,train,0.00043952238,0.9999584708984821,gumbel_soft
82,0.00063666794,val,0.0051005357,0.9989775051124744,gumbel_soft
82,0.00063666794,test,0.0047194306,0.9994983697015299,gumbel_soft
83,0.00048777435,train,0.00047376758,0.9999377063477232,gumbel_soft
83,0.00048777435,val,0.004779682,0.9989775051124744,gumbel_soft
83,0.00048777435,test,0.005296366,0.9994983697015299,gumbel_soft
84,0.00057525915,train,0.00045909765,0.9999480886231027,gumbel_soft
84,0.00057525915,val,0.004974186,0.9989775051124744,gumbel_soft
84,0.00057525915,test,0.004115693,0.9994983697015299,gumbel_soft
85,0.0005461853,train,0.00041694884,0.999979235449241,gumbel_soft
85,0.0005461853,val,0.0057697077,0.9989775051124744,gumbel_soft
85,0.0005461853,test,0.0048399074,0.9994983697015299,gumbel_soft
86,0.00042959742,train,0.0005402845,0.9999169417969642,gumbel_soft
86,0.00042959742,val,0.0053375987,0.9989775051124744,gumbel_soft
86,0.00042959742,test,0.004565795,0.999247554552295,gumbel_soft
87,0.000527485,train,0.0003987107,0.9999896177246206,gumbel_soft
87,0.000527485,val,0.0045433776,0.9989775051124744,gumbel_soft
87,0.000527485,test,0.004764833,0.9994147646517849,gumbel_soft
88,0.0004746394,train,0.00034418807,0.999979235449241,gumbel_soft
88,0.0004746394,val,0.0059433877,0.9989775051124744,gumbel_soft
88,0.0004746394,test,0.0032051739,0.9994983697015299,gumbel_soft
89,0.0003863471,train,0.00041262462,0.9999273240723437,gumbel_soft
89,0.0003863471,val,0.0055162176,0.9988845510317903,gumbel_soft
89,0.0003863471,test,0.0041980073,0.9994147646517849,gumbel_soft
90,0.00044034404,train,0.0003529242,0.9999688531738616,gumbel_soft
90,0.00044034404,val,0.005712621,0.9989775051124744,gumbel_soft
90,0.00044034404,test,0.004603136,0.9994983697015299,gumbel_soft
91,0.0005139912,train,0.00060675776,0.9999065595215848,gumbel_soft
91,0.0005139912,val,0.0055432157,0.9988845510317903,gumbel_soft
91,0.0005139912,test,0.004808105,0.9994983697015299,gumbel_soft
92,0.0003663236,train,0.00041153014,0.9999377063477232,gumbel_soft
92,0.0003663236,val,0.0049744667,0.9986056887897379,gumbel_soft
92,0.0003663236,test,0.0046256417,0.998913134353315,gumbel_soft
93,0.0010432235,train,0.0006034446,0.9999169417969642,gumbel_soft
93,0.0010432235,val,0.0056570955,0.9989775051124744,gumbel_soft
93,0.0010432235,test,0.00507346,0.999247554552295,gumbel_soft
94,0.0060725613,train,0.0011846547,0.9999169417969642,gumbel_soft
94,0.0060725613,val,0.0060553527,0.9989775051124744,gumbel_soft
94,0.0060725613,test,0.0059157694,0.9994983697015299,gumbel_soft
95,0.37238935,train,0.1930092,0.9214580867542931,gumbel_soft
95,0.37238935,val,0.1849544,0.9184792712400074,gumbel_soft
95,0.37238935,test,0.17526254,0.9328651450547613,gumbel_soft
96,0.09286461,train,0.040067054,0.9826200710147636,gumbel_soft
96,0.09286461,val,0.05011995,0.979736010410857,gumbel_soft
96,0.09286461,test,0.046361167,0.9854527213443692,gumbel_soft
97,0.02887328,train,0.02057891,0.9981727195332128,gumbel_soft
97,0.02887328,val,0.02881295,0.9955382041271612,gumbel_soft
97,0.02887328,test,0.02336799,0.9979934788061199,gumbel_soft
98,0.2881687,train,0.5254129,0.7187960713469964,gumbel_soft
98,0.2881687,val,0.536291,0.7190927681725228,gumbel_soft
98,0.2881687,test,0.53150064,0.7203411086029596,gumbel_soft
99,0.4022856,train,0.05648518,0.9915384455657302,gumbel_soft
99,0.4022856,val,0.067328826,0.9908905000929541,gumbel_soft
99,0.4022856,test,0.06327689,0.9907198394783044,gumbel_soft
100,0.03378009,train,0.02465433,0.9996885317386158,gumbel_soft
100,0.03378009,val,0.03301438,0.9986056887897379,gumbel_soft
100,0.03378009,test,0.030131765,0.9983278990050999,gumbel_soft
101,0.021668788,train,0.018903319,0.9998131190431695,gumbel_soft
101,0.021668788,val,0.024755402,0.9985127347090538,gumbel_soft
101,0.021668788,test,0.02518177,0.9982442939553549,gumbel_soft
102,0.0181776,train,0.016188791,0.9998027367677901,gumbel_soft
102,0.0181776,val,0.021629777,0.9990704591931586,gumbel_soft
102,0.0181776,test,0.021142742,0.9994983697015299,gumbel_soft
103,0.015262906,train,0.014225329,0.9997300608401337,gumbel_soft
103,0.015262906,val,0.019153925,0.9989775051124744,gumbel_soft
103,0.015262906,test,0.019707302,0.9994983697015299,gumbel_soft
104,0.013690254,train,0.0126336105,0.9998754126954463,gumbel_soft
104,0.013690254,val,0.01765856,0.9990704591931586,gumbel_soft
104,0.013690254,test,0.017962757,0.9994983697015299,gumbel_soft
105,0.012256074,train,0.011479984,0.999844265869308,gumbel_soft
105,0.012256074,val,0.017107677,0.9984197806283696,gumbel_soft
105,0.012256074,test,0.016117735,0.9994983697015299,gumbel_soft
106,0.011133512,train,0.010549712,0.9998650304200669,gumbel_soft
106,0.011133512,val,0.01589909,0.9988845510317903,gumbel_soft
106,0.011133512,test,0.015389786,0.9994147646517849,gumbel_soft
107,0.01026727,train,0.0098807905,0.9997300608401337,gumbel_soft
107,0.01026727,val,0.01459629,0.9991634132738427,gumbel_soft
107,0.01026727,test,0.016038518,0.9991639495025499,gumbel_soft
108,0.009635758,train,0.00902949,0.9998961772462053,gumbel_soft
108,0.009635758,val,0.014374494,0.9991634132738427,gumbel_soft
108,0.009635758,test,0.014680277,0.9994983697015299,gumbel_soft
109,0.009008359,train,0.008699798,0.9998961772462053,gumbel_soft
109,0.009008359,val,0.013490823,0.9989775051124744,gumbel_soft
109,0.009008359,test,0.013546929,0.9994983697015299,gumbel_soft
110,0.00878887,train,0.008085115,0.9999169417969642,gumbel_soft
110,0.00878887,val,0.012887401,0.9989775051124744,gumbel_soft
110,0.00878887,test,0.01343581,0.9994983697015299,gumbel_soft
111,0.008159118,train,0.0076467413,0.9998546481446874,gumbel_soft
111,0.008159118,val,0.012581997,0.9989775051124744,gumbel_soft
111,0.008159118,test,0.0130648175,0.9994983697015299,gumbel_soft
112,0.007426312,train,0.007219954,0.9999065595215848,gumbel_soft
112,0.007426312,val,0.012152274,0.9989775051124744,gumbel_soft
112,0.007426312,test,0.012942641,0.9994147646517849,gumbel_soft
113,0.0071420455,train,0.0069745495,0.9998857949708259,gumbel_soft
113,0.0071420455,val,0.011385708,0.9987915969511062,gumbel_soft
113,0.0071420455,test,0.012611664,0.999247554552295,gumbel_soft
114,0.00687896,train,0.0065189325,0.9999169417969642,gumbel_soft
114,0.00687896,val,0.011300197,0.9989775051124744,gumbel_soft
114,0.00687896,test,0.012255292,0.99933115960204,gumbel_soft
115,0.006520012,train,0.0063454807,0.999844265869308,gumbel_soft
115,0.006520012,val,0.011191338,0.9989775051124744,gumbel_soft
115,0.006520012,test,0.011600025,0.9994983697015299,gumbel_soft
116,0.006453661,train,0.0060394406,0.9999273240723437,gumbel_soft
116,0.006453661,val,0.011105439,0.9989775051124744,gumbel_soft
116,0.006453661,test,0.0112820845,0.9994983697015299,gumbel_soft
117,0.00605095,train,0.0059515107,0.9997196785647543,gumbel_soft
117,0.00605095,val,0.010840193,0.999349321435211,gumbel_soft
117,0.00605095,test,0.012137785,0.9994983697015299,gumbel_soft
118,0.0059813275,train,0.0059862765,0.9997196785647543,gumbel_soft
118,0.0059813275,val,0.011065729,0.9994422755158952,gumbel_soft
118,0.0059813275,test,0.011921724,0.9994983697015299,gumbel_soft
119,0.0058067725,train,0.0054089203,0.9999065595215848,gumbel_soft
119,0.0058067725,val,0.011762737,0.9983268265476855,gumbel_soft
119,0.0058067725,test,0.011241913,0.999247554552295,gumbel_soft
120,0.0053972746,train,0.005175925,0.9998857949708259,gumbel_soft
120,0.0053972746,val,0.010243372,0.9989775051124744,gumbel_soft
120,0.0053972746,test,0.011112919,0.998913134353315,gumbel_soft
121,0.00535646,train,0.005255173,0.9997404431155132,gumbel_soft
121,0.00535646,val,0.010507951,0.9994422755158952,gumbel_soft
121,0.00535646,test,0.011108526,0.9994983697015299,gumbel_soft
122,0.0050696903,train,0.005240709,0.9997300608401337,gumbel_soft
122,0.0050696903,val,0.010041273,0.9989775051124744,gumbel_soft
122,0.0050696903,test,0.010311331,0.9986623192040799,gumbel_soft
123,0.0049232882,train,0.005134404,0.9996989140139954,gumbel_soft
123,0.0049232882,val,0.010538812,0.9994422755158952,gumbel_soft
123,0.0049232882,test,0.01092065,0.9994983697015299,gumbel_soft
124,0.004877186,train,0.004776435,0.9998338835939284,gumbel_soft
124,0.004877186,val,0.010297829,0.9987915969511062,gumbel_soft
124,0.004877186,test,0.011911959,0.9979098737563749,gumbel_soft
125,0.004562916,train,0.0044246693,0.9999169417969642,gumbel_soft
125,0.004562916,val,0.0076572616,0.9989775051124744,gumbel_soft
125,0.004562916,test,0.010031002,0.9994983697015299,gumbel_soft
126,0.0043937475,train,0.004489638,0.9998131190431695,gumbel_soft
126,0.0043937475,val,0.009249151,0.9990704591931586,gumbel_soft
126,0.0043937475,test,0.009171804,0.9994147646517849,gumbel_soft
127,0.00450343,train,0.0046347585,0.9997092962893748,gumbel_soft
127,0.00450343,val,0.010334246,0.9994422755158952,gumbel_soft
127,0.00450343,test,0.0098735485,0.9994983697015299,gumbel_soft
128,0.0042130034,train,0.004038813,0.9998857949708259,gumbel_soft
128,0.0042130034,val,0.009077229,0.9989775051124744,gumbel_soft
128,0.0042130034,test,0.009061969,0.99933115960204,gumbel_soft
129,0.004119832,train,0.0044703954,0.9996885317386158,gumbel_soft
129,0.004119832,val,0.009994068,0.9994422755158952,gumbel_soft
129,0.004119832,test,0.009922498,0.9994983697015299,gumbel_soft
130,0.004454242,train,0.0039255028,0.999823501318549,gumbel_soft
130,0.004454242,val,0.009089019,0.9989775051124744,gumbel_soft
130,0.004454242,test,0.008871512,0.9994983697015299,gumbel_soft
131,0.004075571,train,0.003933857,0.9998338835939284,gumbel_soft
131,0.004075571,val,0.00909424,0.9989775051124744,gumbel_soft
131,0.004075571,test,0.008825387,0.9994983697015299,gumbel_soft
132,0.003919436,train,0.003579015,0.9999377063477232,gumbel_soft
132,0.003919436,val,0.009363183,0.9989775051124744,gumbel_soft
132,0.003919436,test,0.008744025,0.9990803444528049,gumbel_soft
133,0.0036273273,train,0.0036040624,0.999844265869308,gumbel_soft
133,0.0036273273,val,0.0091334265,0.9989775051124744,gumbel_soft
133,0.0036273273,test,0.008667553,0.999247554552295,gumbel_soft
134,0.0035754305,train,0.0033878246,0.9999377063477232,gumbel_soft
134,0.0035754305,val,0.008575026,0.999349321435211,gumbel_soft
134,0.0035754305,test,0.008195776,0.9994983697015299,gumbel_soft
135,0.0035231854,train,0.0035173025,0.9998754126954463,gumbel_soft
135,0.0035231854,val,0.009060785,0.9989775051124744,gumbel_soft
135,0.0035231854,test,0.008118313,0.99933115960204,gumbel_soft
136,0.0037016124,train,0.0033040685,0.9998546481446874,gumbel_soft
136,0.0037016124,val,0.008972826,0.9989775051124744,gumbel_soft
136,0.0037016124,test,0.008294271,0.9994983697015299,gumbel_soft
137,0.003387691,train,0.0031630062,0.9999377063477232,gumbel_soft
137,0.003387691,val,0.008698614,0.9989775051124744,gumbel_soft
137,0.003387691,test,0.008174836,0.9994983697015299,gumbel_soft
138,0.013855818,train,0.0036655653,0.9999273240723437,gumbel_soft
138,0.013855818,val,0.009276223,0.9989775051124744,gumbel_soft
138,0.013855818,test,0.008196139,0.9994147646517849,gumbel_soft
139,0.003394033,train,0.0033618899,0.9998027367677901,gumbel_soft
139,0.003394033,val,0.008752942,0.9992563673545268,gumbel_soft
139,0.003394033,test,0.008382101,0.9994983697015299,gumbel_soft
140,0.003138795,train,0.0030351263,0.9999377063477232,gumbel_soft
140,0.003138795,val,0.008717769,0.9989775051124744,gumbel_soft
140,0.003138795,test,0.0075931503,0.9991639495025499,gumbel_soft
141,0.002980115,train,0.003057033,0.9997819722170311,gumbel_soft
141,0.002980115,val,0.008997813,0.9992563673545268,gumbel_soft
141,0.002980115,test,0.007981002,0.9994983697015299,gumbel_soft
142,0.0030307164,train,0.002904624,0.9999169417969642,gumbel_soft
142,0.0030307164,val,0.008720429,0.9989775051124744,gumbel_soft
142,0.0030307164,test,0.0073602833,0.9994147646517849,gumbel_soft
143,0.0030244468,train,0.0028285147,0.9999169417969642,gumbel_soft
143,0.0030244468,val,0.008632734,0.9989775051124744,gumbel_soft
143,0.0030244468,test,0.0070985304,0.9994147646517849,gumbel_soft
144,0.0028528464,train,0.002645113,0.9999377063477232,gumbel_soft
144,0.0028528464,val,0.008049671,0.9989775051124744,gumbel_soft
144,0.0028528464,test,0.007539655,0.9994983697015299,gumbel_soft
145,0.0029894148,train,0.003282145,0.9997196785647543,gumbel_soft
145,0.0029894148,val,0.008608838,0.9989775051124744,gumbel_soft
145,0.0029894148,test,0.006862627,0.99933115960204,gumbel_soft
146,0.0027851749,train,0.002677616,0.9999065595215848,gumbel_soft
146,0.0027851749,val,0.008314443,0.9989775051124744,gumbel_soft
146,0.0027851749,test,0.007243244,0.9988295293035699,gumbel_soft
147,0.0028166994,train,0.002506059,0.9999688531738616,gumbel_soft
147,0.0028166994,val,0.008113363,0.9989775051124744,gumbel_soft
147,0.0028166994,test,0.0076292115,0.9994147646517849,gumbel_soft
148,0.00269142,train,0.0026006706,0.9998857949708259,gumbel_soft
148,0.00269142,val,0.008284096,0.9989775051124744,gumbel_soft
148,0.00269142,test,0.0070580197,0.9994983697015299,gumbel_soft
149,0.0027014422,train,0.0028607142,0.9998027367677901,gumbel_soft
149,0.0027014422,val,0.008995195,0.9994422755158952,gumbel_soft
149,0.0027014422,test,0.008520439,0.99933115960204,gumbel_soft
150,0.0027356993,train,0.0024917952,0.9999065595215848,gumbel_soft
150,0.0027356993,val,0.008363763,0.9990704591931586,gumbel_soft
150,0.0027356993,test,0.0073572025,0.9994983697015299,gumbel_soft
151,0.0024589133,train,0.002452484,0.9999273240723437,gumbel_soft
151,0.0024589133,val,0.008196835,0.9989775051124744,gumbel_soft
151,0.0024589133,test,0.006504737,0.9990803444528049,gumbel_soft
152,0.0022769016,train,0.002370199,0.9998857949708259,gumbel_soft
152,0.0022769016,val,0.008334057,0.9991634132738427,gumbel_soft
152,0.0022769016,test,0.007149336,0.9994983697015299,gumbel_soft
153,0.0024871642,train,0.002323136,0.9998961772462053,gumbel_soft
153,0.0024871642,val,0.0081756925,0.9989775051124744,gumbel_soft
153,0.0024871642,test,0.0065266932,0.99933115960204,gumbel_soft
154,0.0021764801,train,0.0023675333,0.9998754126954463,gumbel_soft
154,0.0021764801,val,0.008353137,0.9988845510317903,gumbel_soft
154,0.0021764801,test,0.006898533,0.9990803444528049,gumbel_soft
155,0.0022726275,train,0.0021680507,0.9999273240723437,gumbel_soft
155,0.0022726275,val,0.008030283,0.9989775051124744,gumbel_soft
155,0.0022726275,test,0.0062510557,0.9994147646517849,gumbel_soft
156,0.0023521725,train,0.0022435177,0.9998546481446874,gumbel_soft
156,0.0023521725,val,0.00825369,0.9990704591931586,gumbel_soft
156,0.0023521725,test,0.0074037286,0.9988295293035699,gumbel_soft
157,0.0021896225,train,0.0020165876,0.9999377063477232,gumbel_soft
157,0.0021896225,val,0.0080725495,0.9989775051124744,gumbel_soft
157,0.0021896225,test,0.0064984076,0.9994983697015299,gumbel_soft
158,0.0021442138,train,0.002088798,0.9998961772462053,gumbel_soft
158,0.0021442138,val,0.0081043765,0.9989775051124744,gumbel_soft
158,0.0021442138,test,0.005922594,0.999247554552295,gumbel_soft
159,0.0021287578,train,0.0020377985,0.9999377063477232,gumbel_soft
159,0.0021287578,val,0.008178036,0.9989775051124744,gumbel_soft
159,0.0021287578,test,0.0065841945,0.9990803444528049,gumbel_soft
160,0.002041149,train,0.0020665033,0.9998754126954463,gumbel_soft
160,0.002041149,val,0.008046975,0.9989775051124744,gumbel_soft
160,0.002041149,test,0.0063702036,0.9994983697015299,gumbel_soft
161,0.001910957,train,0.0019245992,0.9999377063477232,gumbel_soft
161,0.001910957,val,0.008205679,0.9989775051124744,gumbel_soft
161,0.001910957,test,0.006015389,0.9990803444528049,gumbel_soft
162,0.0019422993,train,0.0019251744,0.9998961772462053,gumbel_soft
162,0.0019422993,val,0.008284167,0.9988845510317903,gumbel_soft
162,0.0019422993,test,0.0065483907,0.999247554552295,gumbel_soft
163,0.002108256,train,0.0019371656,0.9999377063477232,gumbel_soft
163,0.002108256,val,0.008175344,0.9989775051124744,gumbel_soft
163,0.002108256,test,0.006232875,0.9994983697015299,gumbel_soft
164,0.0019035217,train,0.0017667853,0.9999480886231027,gumbel_soft
164,0.0019035217,val,0.00814069,0.9989775051124744,gumbel_soft
164,0.0019035217,test,0.005795288,0.9994147646517849,gumbel_soft
165,0.0018558607,train,0.0017421868,0.9999480886231027,gumbel_soft
165,0.0018558607,val,0.007969439,0.9989775051124744,gumbel_soft
165,0.0018558607,test,0.0061380523,0.99933115960204,gumbel_soft
166,0.001854059,train,0.0017715173,0.9998857949708259,gumbel_soft
166,0.001854059,val,0.007858215,0.9990704591931586,gumbel_soft
166,0.001854059,test,0.0065077087,0.9994983697015299,gumbel_soft
167,0.0017507318,train,0.0018502732,0.9998857949708259,gumbel_soft
167,0.0017507318,val,0.007813306,0.9989775051124744,gumbel_soft
167,0.0017507318,test,0.005735992,0.9991639495025499,gumbel_soft
168,0.0017532984,train,0.001720291,0.9999273240723437,gumbel_soft
168,0.0017532984,val,0.007306388,0.9989775051124744,gumbel_soft
168,0.0017532984,test,0.005526702,0.9990803444528049,gumbel_soft
169,0.0017907901,train,0.0017803976,0.9998546481446874,gumbel_soft
169,0.0017907901,val,0.0077543976,0.9990704591931586,gumbel_soft
169,0.0017907901,test,0.0063997987,0.9994983697015299,gumbel_soft
170,0.0017185609,train,0.0017448864,0.9998754126954463,gumbel_soft
170,0.0017185609,val,0.0079657445,0.9989775051124744,gumbel_soft
170,0.0017185609,test,0.006217785,0.9994983697015299,gumbel_soft
171,0.0017859343,train,0.001678173,0.9998857949708259,gumbel_soft
171,0.0017859343,val,0.008024034,0.9992563673545268,gumbel_soft
171,0.0017859343,test,0.006516454,0.9994983697015299,gumbel_soft
172,0.0015699508,train,0.0016070764,0.9999688531738616,gumbel_soft
172,0.0015699508,val,0.0077835578,0.9989775051124744,gumbel_soft
172,0.0015699508,test,0.006010794,0.9990803444528049,gumbel_soft
173,0.0017566594,train,0.0015956411,0.9999273240723437,gumbel_soft
173,0.0017566594,val,0.00785927,0.9989775051124744,gumbel_soft
173,0.0017566594,test,0.0071545853,0.9982442939553549,gumbel_soft
174,0.0018794516,train,0.014174968,0.9983492182146639,gumbel_soft
174,0.0018794516,val,0.008176232,0.9989775051124744,gumbel_soft
174,0.0018794516,test,0.0059956596,0.9990803444528049,gumbel_soft
175,0.0017236971,train,0.009116204,0.9989929192881912,gumbel_soft
175,0.0017236971,val,0.0076321983,0.9989775051124744,gumbel_soft
175,0.0017236971,test,0.005362529,0.9994983697015299,gumbel_soft
176,0.0015353264,train,0.0014077637,0.9999480886231027,gumbel_soft
176,0.0015353264,val,0.006785725,0.9989775051124744,gumbel_soft
176,0.0015353264,test,0.0053018886,0.99933115960204,gumbel_soft
177,0.0015815641,train,0.0014992384,0.9998961772462053,gumbel_soft
177,0.0015815641,val,0.008321151,0.9988845510317903,gumbel_soft
177,0.0015815641,test,0.0060477946,0.9994983697015299,gumbel_soft
178,0.0015320076,train,0.0014410428,0.999979235449241,gumbel_soft
178,0.0015320076,val,0.0079428945,0.9989775051124744,gumbel_soft
178,0.0015320076,test,0.00509811,0.999247554552295,gumbel_soft
179,0.0014745753,train,0.0018096737,0.9997196785647543,gumbel_soft
179,0.0014745753,val,0.008582745,0.9994422755158952,gumbel_soft
179,0.0014745753,test,0.006949115,0.9994983697015299,gumbel_soft
180,0.0016413174,train,0.0013434563,0.9999377063477232,gumbel_soft
180,0.0016413174,val,0.007737724,0.9989775051124744,gumbel_soft
180,0.0016413174,test,0.0055366955,0.9994983697015299,gumbel_soft
181,0.0014510571,train,0.0015178993,0.9998857949708259,gumbel_soft
181,0.0014510571,val,0.007945842,0.9994422755158952,gumbel_soft
181,0.0014510571,test,0.0060735336,0.9994983697015299,gumbel_soft
182,0.0014668813,train,0.0013559379,0.9999169417969642,gumbel_soft
182,0.0014668813,val,0.007912545,0.9989775051124744,gumbel_soft
182,0.0014668813,test,0.0056826817,0.99933115960204,gumbel_soft
183,0.0013456253,train,0.014506311,0.9984322764176997,gumbel_soft
183,0.0013456253,val,0.0079731345,0.9989775051124744,gumbel_soft
183,0.0013456253,test,0.0055226,0.9994983697015299,gumbel_soft
184,0.0014468835,train,0.0013967693,0.9998754126954463,gumbel_soft
184,0.0014468835,val,0.008014072,0.9989775051124744,gumbel_soft
184,0.0014468835,test,0.0055964612,0.9994983697015299,gumbel_soft
185,0.0013930597,train,0.0012806476,0.9999377063477232,gumbel_soft
185,0.0013930597,val,0.008059845,0.9989775051124744,gumbel_soft
185,0.0013930597,test,0.005564787,0.9994983697015299,gumbel_soft
186,0.0013422715,train,0.0013807125,0.9998857949708259,gumbel_soft
186,0.0013422715,val,0.0078089205,0.9989775051124744,gumbel_soft
186,0.0013422715,test,0.0046872525,0.99933115960204,gumbel_soft
187,0.0012535475,train,0.0011788126,0.9999273240723437,gumbel_soft
187,0.0012535475,val,0.0078586275,0.9989775051124744,gumbel_soft
187,0.0012535475,test,0.005334481,0.9994983697015299,gumbel_soft
188,0.0013050119,train,0.0013612614,0.9998857949708259,gumbel_soft
188,0.0013050119,val,0.004956674,0.9988845510317903,gumbel_soft
188,0.0013050119,test,0.0046905014,0.9991639495025499,gumbel_soft
189,0.0014110623,train,0.001178864,0.9999377063477232,gumbel_soft
189,0.0014110623,val,0.007998996,0.9989775051124744,gumbel_soft
189,0.0014110623,test,0.005517844,0.9994147646517849,gumbel_soft
190,0.0012624873,train,0.0011885554,0.9999480886231027,gumbel_soft
190,0.0012624873,val,0.007993028,0.9989775051124744,gumbel_soft
190,0.0012624873,test,0.0049171615,0.9994983697015299,gumbel_soft
191,0.0012810271,train,0.0012660386,0.999844265869308,gumbel_soft
191,0.0012810271,val,0.0076365275,0.9989775051124744,gumbel_soft
191,0.0012810271,test,0.0042307326,0.99933115960204,gumbel_soft
192,0.0013728631,train,0.0011715298,0.9999480886231027,gumbel_soft
192,0.0013728631,val,0.0112975165,0.9989775051124744,gumbel_soft
192,0.0013728631,test,0.004749351,0.9994983697015299,gumbel_soft
193,0.0013903228,train,0.0016426354,0.9998546481446874,gumbel_soft
193,0.0013903228,val,0.007888322,0.9989775051124744,gumbel_soft
193,0.0013903228,test,0.0041583013,0.9990803444528049,gumbel_soft
194,0.0011066813,train,0.0010801508,0.9999377063477232,gumbel_soft
194,0.0011066813,val,0.0077572367,0.9989775051124744,gumbel_soft
194,0.0011066813,test,0.0051880144,0.9994983697015299,gumbel_soft
195,0.0012278432,train,0.001101573,0.9999480886231027,gumbel_soft
195,0.0012278432,val,0.0075811376,0.9989775051124744,gumbel_soft
195,0.0012278432,test,0.004039023,0.99933115960204,gumbel_soft
196,0.0012103709,train,0.0010724945,0.9999896177246206,gumbel_soft
196,0.0012103709,val,0.0076819123,0.9989775051124744,gumbel_soft
196,0.0012103709,test,0.0046440475,0.9994983697015299,gumbel_soft
197,0.0010708623,train,0.0010137039,1.0,gumbel_soft
197,0.0010708623,val,0.007512345,0.9989775051124744,gumbel_soft
197,0.0010708623,test,0.0052707084,0.9990803444528049,gumbel_soft
198,0.001076659,train,0.0010038313,0.9999377063477232,gumbel_soft
198,0.001076659,val,0.007444273,0.9989775051124744,gumbel_soft
198,0.001076659,test,0.004974988,0.9994983697015299,gumbel_soft
199,0.0012886315,train,0.0009964987,1.0,gumbel_soft
199,0.0012886315,val,0.007551487,0.9989775051124744,gumbel_soft
199,0.0012886315,test,0.0045764823,0.9994983697015299,gumbel_soft
200,0.0009810561,train,0.0011392866,0.9998857949708259,gumbel_soft
200,0.0009810561,val,0.0075370087,0.9989775051124744,gumbel_soft
200,0.0009810561,test,0.004131377,0.9990803444528049,gumbel_soft
201,0.0011133455,train,0.0010417997,0.9999377063477232,gumbel_soft
201,0.0011133455,val,0.007555958,0.9989775051124744,gumbel_soft
201,0.0011133455,test,0.005552208,0.9994983697015299,gumbel_soft
202,0.001238599,train,0.0011084892,0.9999377063477232,gumbel_soft
202,0.001238599,val,0.00784104,0.9990704591931586,gumbel_soft
202,0.001238599,test,0.0056786425,0.9994983697015299,gumbel_soft
203,0.0010843488,train,0.0009300334,0.9999688531738616,gumbel_soft
203,0.0010843488,val,0.007571479,0.9989775051124744,gumbel_soft
203,0.0010843488,test,0.005939302,0.9994147646517849,gumbel_soft
204,0.0010522323,train,0.010898494,0.9988994788097759,gumbel_soft
204,0.0010522323,val,0.009017985,0.9985127347090538,gumbel_soft
204,0.0010522323,test,0.005072964,0.9994983697015299,gumbel_soft
205,0.0010734685,train,0.0010391509,0.9999584708984821,gumbel_soft
205,0.0010734685,val,0.007987184,0.9989775051124744,gumbel_soft
205,0.0010734685,test,0.0049522673,0.9994983697015299,gumbel_soft
206,0.0014323976,train,0.001099335,0.9999480886231027,gumbel_soft
206,0.0014323976,val,0.008084025,0.9989775051124744,gumbel_soft
206,0.0014323976,test,0.004871063,0.9994983697015299,gumbel_soft
207,0.000977358,train,0.00093316234,0.9999377063477232,gumbel_soft
207,0.000977358,val,0.007985086,0.9989775051124744,gumbel_soft
207,0.000977358,test,0.0048818495,0.9994983697015299,gumbel_soft
208,0.0010397373,train,0.00091883837,0.9999896177246206,gumbel_soft
208,0.0010397373,val,0.008040605,0.9989775051124744,gumbel_soft
208,0.0010397373,test,0.0042321016,0.99933115960204,gumbel_soft
209,0.0009612064,train,0.0009435782,0.9999377063477232,gumbel_soft
209,0.0009612064,val,0.0080716545,0.9989775051124744,gumbel_soft
209,0.0009612064,test,0.0052171294,0.9994983697015299,gumbel_soft
210,0.0010627791,train,0.0008913028,0.9999377063477232,gumbel_soft
210,0.0010627791,val,0.008139108,0.9989775051124744,gumbel_soft
210,0.0010627791,test,0.005076116,0.9994983697015299,gumbel_soft
211,0.00096239016,train,0.00087369827,0.9999377063477232,gumbel_soft
211,0.00096239016,val,0.008156414,0.9989775051124744,gumbel_soft
211,0.00096239016,test,0.005221571,0.9994983697015299,gumbel_soft
212,0.0010451725,train,0.010624202,0.9989098610851554,gumbel_soft
212,0.0010451725,val,0.008561863,0.9989775051124744,gumbel_soft
212,0.0010451725,test,0.005805529,0.9994983697015299,gumbel_soft
213,0.0009760321,train,0.0008241915,0.9999377063477232,gumbel_soft
213,0.0009760321,val,0.008868055,0.9989775051124744,gumbel_soft
213,0.0009760321,test,0.004824857,0.99933115960204,gumbel_soft
214,0.0008891482,train,0.0009509482,0.9998754126954463,gumbel_soft
214,0.0008891482,val,0.008734188,0.9989775051124744,gumbel_soft
214,0.0008891482,test,0.004356864,0.9990803444528049,gumbel_soft
215,0.0011562228,train,0.0010875554,0.999823501318549,gumbel_soft
215,0.0011562228,val,0.008767824,0.9989775051124744,gumbel_soft
215,0.0011562228,test,0.0042111427,0.9990803444528049,gumbel_soft
216,0.00085407164,train,0.00097567163,0.9998027367677901,gumbel_soft
216,0.00085407164,val,0.008670974,0.9989775051124744,gumbel_soft
216,0.00085407164,test,0.0040841233,0.9990803444528049,gumbel_soft
217,0.0009812331,train,0.0009464642,0.9998857949708259,gumbel_soft
217,0.0009812331,val,0.008559718,0.9989775051124744,gumbel_soft
217,0.0009812331,test,0.0037725344,0.9990803444528049,gumbel_soft
218,0.0009957827,train,0.0008267874,1.0,gumbel_soft
218,0.0009957827,val,0.0084096175,0.9989775051124744,gumbel_soft
218,0.0009957827,test,0.0044292924,0.9994983697015299,gumbel_soft
219,0.0008113553,train,0.0007783015,0.9999377063477232,gumbel_soft
219,0.0008113553,val,0.008372159,0.9990704591931586,gumbel_soft
219,0.0008113553,test,0.0047152285,0.9994983697015299,gumbel_soft
220,0.0009188067,train,0.00090717233,0.9999377063477232,gumbel_soft
220,0.0009188067,val,0.008577559,0.999349321435211,gumbel_soft
220,0.0009188067,test,0.00538907,0.9994983697015299,gumbel_soft
221,0.0010867802,train,0.0008825533,0.9998857949708259,gumbel_soft
221,0.0010867802,val,0.007958312,0.9989775051124744,gumbel_soft
221,0.0010867802,test,0.0048312624,0.9994983697015299,gumbel_soft
222,0.0008427241,train,0.00073146226,0.9999377063477232,gumbel_soft
222,0.0008427241,val,0.008152675,0.9989775051124744,gumbel_soft
222,0.0008427241,test,0.0046068714,0.9994983697015299,gumbel_soft
223,0.000960446,train,0.0010111632,0.9998961772462053,gumbel_soft
223,0.000960446,val,0.008793438,0.999349321435211,gumbel_soft
223,0.000960446,test,0.005746071,0.9994983697015299,gumbel_soft
224,0.0008014394,train,0.0008043864,0.9999688531738616,gumbel_soft
224,0.0008014394,val,0.00815139,0.9989775051124744,gumbel_soft
224,0.0008014394,test,0.00464104,0.9991639495025499,gumbel_soft
225,0.0009944775,train,0.0008432797,0.9999377063477232,gumbel_soft
225,0.0009944775,val,0.008516159,0.9991634132738427,gumbel_soft
225,0.0009944775,test,0.00548381,0.9994983697015299,gumbel_soft
226,0.0010498846,train,0.0010495165,0.9998546481446874,gumbel_soft
226,0.0010498846,val,0.011281354,0.9985127347090538,gumbel_soft
226,0.0010498846,test,0.0038145958,0.9990803444528049,gumbel_soft
227,0.00075520575,train,0.00068802194,0.9999377063477232,gumbel_soft
227,0.00075520575,val,0.07811827,0.9916341327384273,gumbel_soft
227,0.00075520575,test,0.004715053,0.9994983697015299,gumbel_soft
228,0.0007838505,train,0.0006891685,0.999979235449241,gumbel_soft
228,0.0007838505,val,0.008661123,0.9989775051124744,gumbel_soft
228,0.0007838505,test,0.004383606,0.9994983697015299,gumbel_soft
229,0.00092203857,train,0.00091233326,0.9998650304200669,gumbel_soft
229,0.00092203857,val,0.0068873605,0.9991634132738427,gumbel_soft
229,0.00092203857,test,0.005517169,0.9994983697015299,gumbel_soft
230,0.00089963805,train,0.0008099848,0.9999377063477232,gumbel_soft
230,0.00089963805,val,0.009309023,0.9989775051124744,gumbel_soft
230,0.00089963805,test,0.0049332427,0.9994983697015299,gumbel_soft
231,0.0008181445,train,0.0011016822,0.999844265869308,gumbel_soft
231,0.0008181445,val,0.009052245,0.9989775051124744,gumbel_soft
231,0.0008181445,test,0.003217102,0.9994983697015299,gumbel_soft
232,0.00067971536,train,0.0006794404,0.9999377063477232,gumbel_soft
232,0.00067971536,val,0.008621453,0.9989775051124744,gumbel_soft
232,0.00067971536,test,0.0048947735,0.9994983697015299,gumbel_soft
233,0.0006787075,train,0.00069776404,0.9999377063477232,gumbel_soft
233,0.0006787075,val,0.008542907,0.9989775051124744,gumbel_soft
233,0.0006787075,test,0.004974366,0.9994983697015299,gumbel_soft
234,0.00074614113,train,0.00074191036,0.9999169417969642,gumbel_soft
234,0.00074614113,val,0.008199952,0.9989775051124744,gumbel_soft
234,0.00074614113,test,0.0034709128,0.99933115960204,gumbel_soft
235,0.000683255,train,0.00066006306,0.9999480886231027,gumbel_soft
235,0.000683255,val,0.0085096685,0.9989775051124744,gumbel_soft
235,0.000683255,test,0.0039358116,0.9994983697015299,gumbel_soft
236,0.00061338674,train,0.0006155287,1.0,gumbel_soft
236,0.00061338674,val,0.0075404653,0.9985127347090538,gumbel_soft
236,0.00061338674,test,0.003897874,0.9994983697015299,gumbel_soft
237,0.0006185342,train,0.0005482972,1.0,gumbel_soft
237,0.0006185342,val,0.008397146,0.9989775051124744,gumbel_soft
237,0.0006185342,test,0.003946441,0.9994983697015299,gumbel_soft
238,0.0010322243,train,0.00083008973,0.9998961772462053,gumbel_soft
238,0.0010322243,val,0.00889313,0.9994422755158952,gumbel_soft
238,0.0010322243,test,0.005668916,0.9994983697015299,gumbel_soft
239,0.00072491507,train,0.0006781719,0.9999273240723437,gumbel_soft
239,0.00072491507,val,0.008148435,0.9989775051124744,gumbel_soft
239,0.00072491507,test,0.0048323,0.9994983697015299,gumbel_soft
240,0.0007513647,train,0.0005890104,0.9999480886231027,gumbel_soft
240,0.0007513647,val,0.008038406,0.9989775051124744,gumbel_soft
240,0.0007513647,test,0.004455826,0.9994983697015299,gumbel_soft
241,0.00063562137,train,0.0007395887,0.9999169417969642,gumbel_soft
241,0.00063562137,val,0.008093642,0.9989775051124744,gumbel_soft
241,0.00063562137,test,0.0035852212,0.9990803444528049,gumbel_soft
242,0.0007145932,train,0.0007229953,0.9999480886231027,gumbel_soft
242,0.0007145932,val,0.008079845,0.9989775051124744,gumbel_soft
242,0.0007145932,test,0.005586569,0.9986623192040799,gumbel_soft
243,0.0005244954,train,0.000526306,0.9999480886231027,gumbel_soft
243,0.0005244954,val,0.00810944,0.9989775051124744,gumbel_soft
243,0.0005244954,test,0.004464198,0.9994983697015299,gumbel_soft
244,0.00069873245,train,0.0006753704,0.9999169417969642,gumbel_soft
244,0.00069873245,val,0.008262873,0.9989775051124744,gumbel_soft
244,0.00069873245,test,0.0043064086,0.9994983697015299,gumbel_soft
245,0.0005866118,train,0.0005341216,1.0,gumbel_soft
245,0.0005866118,val,0.008431244,0.9989775051124744,gumbel_soft
245,0.0005866118,test,0.004102215,0.9994147646517849,gumbel_soft
246,0.00055322406,train,0.0005211458,0.9999377063477232,gumbel_soft
246,0.00055322406,val,0.008282398,0.9989775051124744,gumbel_soft
246,0.00055322406,test,0.0043238834,0.9994983697015299,gumbel_soft
247,0.000590731,train,0.00057203416,0.9999377063477232,gumbel_soft
247,0.000590731,val,0.008405388,0.9989775051124744,gumbel_soft
247,0.000590731,test,0.004811184,0.9994983697015299,gumbel_soft
248,0.0008002878,train,0.00054917746,0.9999896177246206,gumbel_soft
248,0.0008002878,val,0.008285809,0.9989775051124744,gumbel_soft
248,0.0008002878,test,0.0038017621,0.9994147646517849,gumbel_soft
249,0.00054256915,train,0.0004946657,1.0,gumbel_soft
249,0.00054256915,val,0.012410463,0.9989775051124744,gumbel_soft
249,0.00054256915,test,0.0040040906,0.9994983697015299,gumbel_soft
250,,train,0.00048181388,1.0,argmax
250,,val,0.008392935,0.9989775051124744,argmax
250,,test,0.0039960053,0.9994983697015299,argmax
