feature,value,0,1,2,3,4,5,<s>
attn_0_0_outputs,0,-0.052203327,-0.12780885,-0.09057846,-0.028788246,-0.1983038,-0.31127235,-0.71735567
attn_0_0_outputs,1,0.45540774,-0.009034613,0.21132782,0.09696516,0.096913934,0.08978312,0.28650275
attn_0_0_outputs,2,0.17804565,-0.14465816,-0.04057018,-0.01861624,-0.059037894,-0.1855007,0.07766577
attn_0_0_outputs,3,0.38948303,-0.004644919,0.17845841,-0.053324442,0.13814524,-0.049616463,0.19349869
attn_0_0_outputs,4,0.46717596,-0.00039037084,0.11653936,0.13293386,-0.24281044,-0.049122445,-1.3420881
attn_0_0_outputs,5,0.2477923,-0.023278022,0.07750472,0.033137918,0.06920428,0.015855763,0.31537932
attn_0_0_outputs,<pad>,0.1190521,-0.38471338,0.28689072,0.13388504,-0.4857668,0.255458,0.81459314
attn_0_0_outputs,<s>,-0.13684988,0.052629646,0.19414899,-0.13690692,0.47695005,-0.18255545,0.39791852
attn_0_0_outputs,_,-0.4935782,-0.018118752,0.58302975,0.0725466,0.39509708,0.065266125,-0.39789718
attn_0_0_outputs,_,0.41068107,0.40794837,0.13147178,0.33130336,0.17755602,-0.2819455,-0.10449087
attn_0_0_outputs,_,0.8241066,0.4950898,0.34116647,0.9579576,0.043384034,-0.15678333,-1.5649132
attn_0_0_outputs,_,0.5701895,-0.085239045,0.26865965,0.13406512,0.40215117,0.4730388,-0.19376384
attn_0_0_outputs,_,0.9211357,-0.6384562,-0.41574544,0.85672456,-0.31684092,-0.5032144,-0.22986045
attn_0_0_outputs,_,0.6635296,0.14794028,-0.76856506,0.41439053,0.35747966,-0.41501388,-0.31862533
attn_0_0_outputs,_,0.00011980722,-1.743848,0.87632084,-0.7510561,1.227192,-0.7834649,1.1164879
attn_0_0_outputs,_,0.61648834,-0.15731269,-0.45559877,-0.38463658,-0.11530219,0.06504112,-0.6643982
attn_0_1_outputs,0,0.6723611,-1.4531565,0.113931224,0.33665118,0.9998673,0.13701575,-0.29488024
attn_0_1_outputs,1,-0.122331016,2.173319,-0.4521695,-0.17392878,-1.3407432,-0.33493397,1.1284525
attn_0_1_outputs,2,-0.18802492,-2.3147624,1.4540231,-0.20726542,-0.9080784,2.1632445,2.5391402
attn_0_1_outputs,3,-0.0529532,-0.41742843,-0.12739284,0.056930613,0.38851044,-0.3829694,1.7624905
attn_0_1_outputs,4,0.14499727,-1.3590182,0.16683428,0.24994756,2.5661557,0.15164231,-4.5854254
attn_0_1_outputs,5,0.013658352,0.7322244,0.06495466,-0.08784658,-0.8059862,0.11139109,-0.38529503
attn_0_1_outputs,<pad>,0.10981347,0.16509676,-0.061745558,0.161828,-0.16188876,-0.16268834,-0.48186174
attn_0_1_outputs,<s>,0.109455414,-1.5053153,-0.10460241,-0.0053908248,-0.9650756,0.005735839,5.0894403
attn_0_1_outputs,_,0.5261679,0.30524877,-0.07282732,0.3176702,0.5035774,0.47700343,-0.45184594
attn_0_1_outputs,_,0.029609425,0.34625328,0.24249332,0.5092259,0.33894828,0.30128053,-0.68964833
attn_0_1_outputs,_,0.105408445,0.06980733,-0.2103086,-0.031526934,0.46385193,0.29350019,0.18186896
attn_0_1_outputs,_,0.0006314675,0.06983646,-0.28479594,-0.02811386,-0.30780578,-0.03081734,-0.6857327
attn_0_1_outputs,_,-0.24042444,0.13315445,0.07877271,-0.29105595,0.28340775,0.06275806,-0.2288996
attn_0_1_outputs,_,-0.093803674,0.0037815543,0.0023003295,-0.09523331,0.11405662,0.2564079,0.2523952
attn_0_1_outputs,_,0.003712397,-0.15915783,-0.7617442,0.16181955,-0.057243817,-0.0027610185,0.58096457
attn_0_1_outputs,_,0.0005754962,0.6043132,-0.5166372,0.44548246,0.5782365,-0.20902713,0.7996349
attn_0_2_outputs,0,-1.0159386,-0.038366932,0.5420612,0.3204562,0.34514192,0.23549324,0.93976957
attn_0_2_outputs,1,0.12009195,-0.52568907,0.5043146,0.38395575,0.36098722,0.27218726,-1.7391179
attn_0_2_outputs,2,0.20439613,-0.0017573358,-0.3255256,0.39296353,0.21496835,0.22030221,0.98250246
attn_0_2_outputs,3,-0.10081491,-0.24996568,0.34453484,-0.8557235,0.018083476,0.013979763,1.2855657
attn_0_2_outputs,4,-0.17172904,-0.44288415,0.11851215,-0.056685455,-0.61533725,-0.27477852,-1.002874
attn_0_2_outputs,5,0.24865139,0.054589264,0.6614669,0.5129677,0.38325816,-0.5519194,1.0270337
attn_0_2_outputs,<pad>,-0.25317305,-0.48050296,-0.3701686,0.012790959,-0.021054558,0.2623249,-0.082872525
attn_0_2_outputs,<s>,0.61851364,1.4567647,1.2631599,1.4899566,1.079221,1.3448606,-8.338653
attn_0_2_outputs,_,0.6604373,0.11037486,0.6531176,0.8709659,0.7139785,0.58716553,-1.0162454
attn_0_2_outputs,_,-0.03312252,-0.46273643,0.79523504,0.05015863,0.32115108,-0.0064452994,-0.46303087
attn_0_2_outputs,_,0.62210137,-0.2504574,0.77294666,0.6633608,0.49749738,0.4542936,-0.058700483
attn_0_2_outputs,_,0.5418084,0.025987051,0.5294194,0.85822546,0.3813838,0.44080397,-0.9486745
attn_0_2_outputs,_,0.32911927,-0.056775123,0.18057092,0.08146905,0.07784887,0.6828075,-0.05315416
attn_0_2_outputs,_,0.56800526,0.09067798,0.48813677,0.4164223,0.24723645,-0.013711963,-0.7445893
attn_0_2_outputs,_,-0.45467713,-0.45092362,0.18156767,0.81766194,0.11768645,-0.07272079,-0.18353653
attn_0_2_outputs,_,-0.11364728,-0.7712664,-0.17279144,0.63199836,0.24575062,0.10994686,0.09307584
attn_0_3_outputs,0,0.6160556,0.09801594,-0.18263218,0.052964006,0.16010055,0.39874452,-0.31675786
attn_0_3_outputs,1,-0.5543368,0.89720345,-0.27314323,-0.16317064,-0.04148363,0.24182062,-0.70734036
attn_0_3_outputs,2,-0.47980404,-0.037998654,0.8069877,-0.1681646,0.058414683,0.17125762,-0.5564359
attn_0_3_outputs,3,-0.07263224,0.24311106,-0.011052793,1.1822217,0.232388,0.41146097,0.66735524
attn_0_3_outputs,4,-0.21945973,0.09479087,0.013302233,0.026065636,0.83258206,0.4737109,-0.88371736
attn_0_3_outputs,5,-0.40113047,0.080801465,-0.20189056,-0.11465044,0.064854555,1.1457955,0.18625897
attn_0_3_outputs,<pad>,-0.4653469,-0.3575608,-0.5552039,0.22119147,-0.6935242,0.24340393,-0.24373594
attn_0_3_outputs,<s>,-0.5106431,0.38774353,-0.027035834,-0.27353215,-0.35668173,0.19677836,0.29294816
attn_0_3_outputs,_,-0.33623147,0.15658946,0.5310524,-0.038991943,0.08985777,1.0605825,-0.3202411
attn_0_3_outputs,_,0.20875765,0.17538701,0.69534534,0.41444236,-0.47025153,1.0006137,-0.63673115
attn_0_3_outputs,_,0.35836142,0.08473197,0.04991869,0.59388,0.40696433,0.5233889,-0.63124675
attn_0_3_outputs,_,-0.33946732,-0.3140959,-0.15677096,0.22463082,-0.2335339,0.6744881,0.13760129
attn_0_3_outputs,_,0.21969505,-0.1783926,0.29727417,0.5422135,-0.13513751,0.35609606,-0.28604686
attn_0_3_outputs,_,-0.06623476,0.08592477,0.29417765,0.11380427,-0.532296,0.63702095,-0.4701029
attn_0_3_outputs,_,-0.18297993,-0.1426254,-0.31392223,0.083717145,-0.5677947,-0.0061312523,0.24250777
attn_0_3_outputs,_,-0.15663384,-0.29170272,-0.11254129,-0.073282905,0.6254118,-0.22373538,0.4791856
attn_0_4_outputs,0,0.6471132,-0.24298523,-0.4234569,-0.20812567,0.11169068,-0.3166336,-3.8576005
attn_0_4_outputs,1,-0.27617973,0.3467928,0.6676489,1.3047113,-0.2950806,0.5180341,-11.69762
attn_0_4_outputs,2,-0.8478562,-0.21541178,0.0026031837,-0.11356017,0.30144238,-1.0782176,3.7702897
attn_0_4_outputs,3,0.6615949,0.17187953,0.2614578,0.3224652,0.6072064,0.35048488,-1.1204561
attn_0_4_outputs,4,0.7868906,-0.21018586,-0.36402935,-0.009212498,0.3954342,-0.31445977,-0.25262317
attn_0_4_outputs,5,0.36994475,0.1745881,0.26358196,0.5158404,0.56745225,0.37658608,0.5609695
attn_0_4_outputs,<pad>,-0.22944781,-0.21949625,0.36738443,0.18555948,-0.032729495,-0.09788319,0.17843637
attn_0_4_outputs,<s>,-3.0292945,-0.16127622,-0.12247873,-0.7697898,0.32808942,-0.15906017,5.8780875
attn_0_4_outputs,_,0.12438567,-0.10270341,0.30754274,0.20093265,0.15687168,0.30569604,-0.050734732
attn_0_4_outputs,_,-0.019853497,-0.22480427,0.18417059,-0.09785264,0.28820726,-0.5305596,-0.23809059
attn_0_4_outputs,_,0.14974773,-0.116187505,-0.15434396,0.016126862,0.77221495,0.31704095,-0.013534625
attn_0_4_outputs,_,-0.26007146,-0.009684928,-0.40187958,0.03708419,0.6844385,0.004919865,-0.31077
attn_0_4_outputs,_,-0.18571343,-0.41027132,0.27435586,0.087305285,0.5007761,0.12565717,0.47194958
attn_0_4_outputs,_,-0.32422125,-0.2509942,0.072480835,0.3484766,0.15392932,0.16957738,0.3441387
attn_0_4_outputs,_,-0.50200117,-0.9726739,-0.063527755,-0.2748438,0.2841474,-0.26720813,0.10269434
attn_0_4_outputs,_,-0.3494593,-0.38738054,-0.38079292,-0.5903292,0.23201005,0.13947247,0.26650593
attn_0_5_outputs,0,-0.0046178815,0.5460905,0.26107162,0.46142998,-0.47418153,0.77034783,0.07749846
attn_0_5_outputs,1,0.41170472,0.840266,0.5192165,0.3589688,0.6349351,0.61087966,-3.43573
attn_0_5_outputs,2,0.2704448,-0.518519,0.25174093,-0.44723576,0.2142222,-0.20213284,1.9743366
attn_0_5_outputs,3,-0.035656743,0.96011364,-0.34549195,-0.119497046,0.059433896,-0.49939528,0.8914536
attn_0_5_outputs,4,0.6079896,-1.5404732,-1.2163112,0.61499923,0.52616084,-0.0052931234,-0.95406085
attn_0_5_outputs,5,-0.09249611,-0.9827115,0.03492979,0.19719183,0.35944122,0.05482384,1.1812623
attn_0_5_outputs,<pad>,-0.7837073,-0.48573586,-0.111177154,0.2685142,-0.11597614,-0.95427275,-0.057075948
attn_0_5_outputs,<s>,0.05919834,-1.8759997,0.30268654,0.21575963,-0.17123319,-0.04714638,3.9301224
attn_0_5_outputs,_,-0.07213593,0.13678813,-0.27745816,-0.30400422,-0.033416994,-0.24755727,-0.3931017
attn_0_5_outputs,_,0.23112632,-0.12905325,-0.4384263,0.45208994,-0.07546687,0.061128855,-0.55651265
attn_0_5_outputs,_,-0.11597406,0.2678346,-0.28293702,0.30721006,-0.20585632,0.46723944,-0.20788537
attn_0_5_outputs,_,0.19622438,0.0070007215,-0.034694668,0.2540628,-0.09683666,0.52821374,0.5236787
attn_0_5_outputs,_,-0.25985172,0.1998162,-0.3099462,0.6672585,-0.26098925,0.37598512,-0.12452911
attn_0_5_outputs,_,0.078244105,-0.4000731,-0.38836142,0.22616428,-0.037145704,0.20781492,0.017834095
attn_0_5_outputs,_,0.35064912,-0.43595186,0.0637669,0.38322014,-0.19041567,0.3267065,-0.10098148
attn_0_5_outputs,_,-0.57827103,-0.26539275,0.002417863,-0.32920635,-0.19598942,-0.70860875,0.5174396
attn_0_6_outputs,0,-0.14816114,0.47637582,0.27824292,0.34125236,0.13161406,0.47429687,0.012605967
attn_0_6_outputs,1,-0.013840524,0.14079934,0.05898945,0.11113428,-0.21369979,0.23388426,0.026673064
attn_0_6_outputs,2,-0.33831877,0.01602671,-0.43225518,-0.20554234,-0.5432824,0.0795743,-0.37278932
attn_0_6_outputs,3,0.17251012,0.39259815,0.26442602,-0.026494594,-0.05925386,0.43981987,0.15640892
attn_0_6_outputs,4,-0.24649106,-0.06392355,-0.08364932,-0.12287672,-0.3302481,0.08052343,-1.5302707
attn_0_6_outputs,5,0.2672188,0.5482598,0.46743295,0.4480888,0.09027885,0.2747332,0.42495683
attn_0_6_outputs,<pad>,-0.16471463,0.15747674,0.09744939,-0.13998827,0.40861884,0.4816242,1.2382134
attn_0_6_outputs,<s>,0.24121292,0.69208485,-0.26861244,0.41163987,-0.25143972,0.28705138,0.20734406
attn_0_6_outputs,_,-0.2056195,0.5600954,0.11584995,-0.17448771,0.29798457,-0.11501808,-0.86177707
attn_0_6_outputs,_,0.27998868,0.9552949,0.22573112,0.40710717,0.63450164,0.7588194,-0.14542277
attn_0_6_outputs,_,-0.08435059,0.40502197,-0.27468807,0.020751933,-0.14202029,0.7753417,-0.5273773
attn_0_6_outputs,_,-0.058386564,0.1806909,-0.13740858,-0.021051366,0.021416701,0.08871819,-0.15778339
attn_0_6_outputs,_,-0.06299756,0.376495,-0.4830973,-0.06989964,-0.13363884,0.06333043,-0.30171064
attn_0_6_outputs,_,-0.14008962,-0.005097488,-0.5208668,-0.26567772,-0.10531677,-0.1361567,0.072206125
attn_0_6_outputs,_,0.051218335,-0.20450999,-0.5220101,-0.031084131,-0.5916298,0.8270317,0.21561934
attn_0_6_outputs,_,-0.45254335,-0.07035871,-0.24216118,-0.19016853,0.3798738,-0.12155445,0.20451313
attn_0_7_outputs,0,0.2827648,1.7367376,-0.17045976,-2.0554404,0.23069885,0.040008828,-2.055505
attn_0_7_outputs,1,0.20289,1.1504649,-0.675411,-0.0037880437,0.06780581,-0.17826484,-2.031517
attn_0_7_outputs,2,-0.40287834,-0.5457798,1.2158062,-0.009327574,-0.6196387,-0.1263782,-0.08687967
attn_0_7_outputs,3,-0.32866505,-0.7229435,0.17478347,1.4289684,-0.1386505,0.25711507,1.4943976
attn_0_7_outputs,4,0.20044175,-0.47047967,-0.4990559,0.18093522,0.25472814,0.07850799,-0.9794679
attn_0_7_outputs,5,0.58434224,-0.06836283,-0.0774736,0.6263678,0.50589144,0.9063723,0.45546603
attn_0_7_outputs,<pad>,0.32585385,-0.08917817,-0.020309892,-0.5102228,-0.34428763,0.34499964,-0.20556553
attn_0_7_outputs,<s>,0.6124512,0.11739646,-0.4025607,0.7583576,0.34357148,-0.013261892,-0.2498759
attn_0_7_outputs,_,0.26278856,0.4742718,0.50955737,0.16593759,0.26518708,0.21435402,-0.50117135
attn_0_7_outputs,_,0.5928602,0.2867415,0.06540223,0.41888392,0.3909611,0.55793554,-0.19731984
attn_0_7_outputs,_,0.022368552,-0.19716047,-0.11359776,0.17252724,-0.06335737,0.39932507,-0.10547753
attn_0_7_outputs,_,0.6108331,-0.071707636,0.2499543,0.025147106,0.06717046,0.4686253,0.1344491
attn_0_7_outputs,_,0.50372523,0.19729963,-0.104040615,0.094410576,-0.089355856,0.084268086,0.3423552
attn_0_7_outputs,_,0.13904145,0.10767835,-0.3128618,0.08881262,-0.26631567,0.36627665,-0.23251045
attn_0_7_outputs,_,0.092578225,-0.5662705,-0.7463496,-0.57555664,-0.23110926,0.52691007,0.83766097
attn_0_7_outputs,_,0.09428194,-0.07675579,-0.31332773,-0.09041376,-0.005874508,0.18364935,0.53658116
attn_1_0_outputs,0,0.22262423,0.05646733,-0.43543255,-0.16075161,-0.38851476,0.30175018,-0.20236821
attn_1_0_outputs,1,0.03469365,0.34085363,0.2194529,0.090025194,-0.3425923,0.25239667,-1.5220425
attn_1_0_outputs,10,0.6748848,0.9480601,0.7630348,0.727528,0.35507587,0.8426836,0.35589588
attn_1_0_outputs,11,0.06670264,-0.01676545,-0.032545667,-0.0867732,0.13095388,0.30901286,-0.24846683
attn_1_0_outputs,12,-0.09314143,0.20157202,0.2582284,0.0068521826,-0.31209385,0.15820318,0.26269153
attn_1_0_outputs,13,0.12767315,0.3488442,-0.469027,0.5069714,0.13180533,-0.014084047,-0.16927868
attn_1_0_outputs,14,1.3485563,2.5783172,-2.0545068,0.9324767,1.1846406,0.57646084,-14.592357
attn_1_0_outputs,15,0.44381902,0.36098212,0.34230247,0.09477125,0.5078977,0.36052918,-1.855113
attn_1_0_outputs,2,-0.17270404,0.07080438,-0.16184925,0.12467172,-0.28121397,0.10748782,-0.3815073
attn_1_0_outputs,3,-0.21087378,0.09259992,0.06541669,-0.008940192,-0.07788639,0.009532627,0.37118143
attn_1_0_outputs,4,-0.26159233,0.21185443,-0.23873708,-0.02875948,-0.10270215,0.36592573,0.3842616
attn_1_0_outputs,5,-0.17315051,0.24540415,0.051225703,0.1522111,-0.09591774,0.43163624,-0.10074387
attn_1_0_outputs,6,-0.11098628,0.16050456,0.045854684,-0.0089009665,-0.28517982,0.25513995,0.17691131
attn_1_0_outputs,7,0.29375076,-2.6317735,0.11009518,0.2657473,-0.03501598,0.41384658,-0.14625199
attn_1_0_outputs,8,0.18357357,-2.4927557,0.19926776,0.14871418,-0.06278229,0.44741878,-1.2206004
attn_1_0_outputs,9,0.90290636,0.02320785,0.28383684,0.23267345,0.4688276,0.4803526,-0.31557798
attn_1_1_outputs,0,0.08061918,-0.17014629,-0.119017154,-0.30794713,-0.09333869,-0.36165908,0.59471756
attn_1_1_outputs,1,0.4132276,0.5462776,0.48702466,0.3589136,0.26171732,0.023654554,-0.21269633
attn_1_1_outputs,10,0.18420103,0.31314647,0.46003985,0.5302864,0.6360122,0.3843964,-0.49531657
attn_1_1_outputs,11,0.5563301,0.7075965,0.36640236,0.2810678,0.21142782,0.16942976,-0.42039114
attn_1_1_outputs,12,0.04261913,-0.12635808,0.019537224,-0.3280402,-0.19794586,-0.29796147,2.0497205
attn_1_1_outputs,13,0.39364702,0.23180941,0.2987889,0.25602806,0.5184396,0.6786607,-0.45506355
attn_1_1_outputs,14,-0.24008979,0.0444738,0.05429194,0.21649541,0.09923461,-0.113807425,-0.060858004
attn_1_1_outputs,15,0.36913478,0.15667693,0.10674244,0.37544864,0.31731442,0.08179497,-0.61133355
attn_1_1_outputs,2,0.24247803,-0.013391097,0.0211295,-0.05314401,-0.07921625,-0.07939226,-0.044153467
attn_1_1_outputs,3,0.071080774,-0.11530702,-0.027647374,-0.18718079,0.03517447,-0.06399895,-0.37338585
attn_1_1_outputs,4,0.2838574,0.13074367,0.30632824,0.2599977,0.29788515,0.112313345,-0.27129355
attn_1_1_outputs,5,0.42945245,0.0062084254,0.20944284,0.29606304,0.07071143,-0.062160898,-0.30418524
attn_1_1_outputs,6,0.2631353,0.23590657,0.41023538,0.31777605,0.3065585,0.06727263,-0.38206923
attn_1_1_outputs,7,0.3021191,0.10073356,0.415081,0.30207586,0.12762764,0.13633229,-0.54812104
attn_1_1_outputs,8,0.12921397,0.31691524,0.39237955,0.41851333,0.46333542,0.10596881,-0.19600104
attn_1_1_outputs,9,0.4402564,0.18910033,0.28237188,0.42980397,0.23806334,0.14970359,0.44297117
attn_1_2_outputs,0,-0.26840833,-0.28471208,0.33780238,-0.130786,-0.2591919,0.40141475,0.5507267
attn_1_2_outputs,1,-0.35039955,-0.17076695,0.051599246,0.40488395,0.328073,0.24885595,-1.5330061
attn_1_2_outputs,10,-0.40042818,0.057958372,-0.23495747,0.26081344,0.16635917,0.36424363,-2.2387998
attn_1_2_outputs,11,-0.030474054,-0.11468274,0.5751095,0.083973944,0.15886427,0.23046796,0.7223681
attn_1_2_outputs,12,-0.24829406,-0.13431832,-4.146787,-0.022791848,-0.005607087,0.17310955,5.8876925
attn_1_2_outputs,13,-0.028833764,-0.0016862948,0.25129545,-0.11737948,0.082718045,0.23994902,0.13341874
attn_1_2_outputs,14,0.48084888,-0.83039904,-0.32876495,0.06779794,0.01020969,0.7986863,-0.0122738425
attn_1_2_outputs,15,0.78454673,-0.117161974,0.4276416,0.3027941,-0.9453719,0.5705766,-0.2529893
attn_1_2_outputs,2,0.037617818,-0.48655257,-0.13361059,-0.21879637,-0.07916979,0.21885124,-0.36884612
attn_1_2_outputs,3,-0.2786266,0.34005862,0.5321952,0.30214065,0.43177897,0.53779453,-1.2321754
attn_1_2_outputs,4,-0.09734216,-0.23229975,-0.1562938,0.07048522,0.011642449,0.10427574,-1.0079347
attn_1_2_outputs,5,0.22879635,0.027522799,0.33022487,0.16626637,0.5963751,0.57404387,-0.28713477
attn_1_2_outputs,6,0.26128352,0.2810804,0.27349788,0.41499633,0.40632406,0.59080166,-1.7155769
attn_1_2_outputs,7,-0.00087217573,-0.19154073,0.12378835,0.22086373,0.6632413,0.70599514,-0.26698187
attn_1_2_outputs,8,0.21225536,-0.5541539,-0.24067032,0.41752282,0.36517796,0.18626775,-0.040316034
attn_1_2_outputs,9,-0.049140185,-0.18313852,0.81086504,-0.23925118,0.0009032244,-0.019384153,-0.75361794
attn_1_3_outputs,0,0.02129503,0.2681121,0.33398,0.23457341,0.1508164,0.462125,-0.098998524
attn_1_3_outputs,1,-0.13509479,-0.10406029,0.052829154,-0.1302724,-0.13345166,0.118640244,-0.43214113
attn_1_3_outputs,2,-0.03868673,-0.058185004,0.047657073,-0.05380874,0.057579536,0.2525256,-0.6789355
attn_1_3_outputs,3,-0.112245366,-0.02990928,0.03195725,-0.12841067,-0.049051248,0.075453766,-0.39082974
attn_1_3_outputs,4,-0.0011692885,0.13756423,0.16710022,0.11017542,0.14406165,0.24289171,-1.0613432
attn_1_3_outputs,5,0.030101113,0.07367414,0.35596007,0.13838176,0.14297043,0.28607523,-0.62138027
attn_1_3_outputs,<pad>,-0.49752548,0.032105044,0.100846894,-0.41749603,0.115051724,0.28485742,0.45364198
attn_1_3_outputs,<s>,-0.17252204,0.09098254,0.22378051,0.04052259,0.04786475,0.33758834,-0.86884546
attn_1_3_outputs,_,-0.43846032,0.28104654,-0.057729583,-0.41509807,0.36303222,0.12647429,-0.5077921
attn_1_3_outputs,_,0.35439888,-0.02761928,0.32360497,0.3360044,0.33586887,0.2688064,-0.12001699
attn_1_3_outputs,_,-0.36503917,0.09906635,0.11379498,-0.18959038,-0.08802561,-0.4453425,-0.5420596
attn_1_3_outputs,_,0.25793839,0.90177095,-0.08537556,0.18722193,0.26188934,-0.497355,-0.85830605
attn_1_3_outputs,_,0.09731531,-0.08527198,-0.32647577,0.2681299,0.041610274,-0.093761615,0.5658164
attn_1_3_outputs,_,-0.070598796,0.1747008,-0.04487305,-0.17277786,0.30657244,-0.295456,-0.19397248
attn_1_3_outputs,_,-0.7066929,-0.049436636,0.06001698,-0.13900454,0.16975953,-0.12078623,0.0701527
attn_1_3_outputs,_,0.46898112,0.23745674,0.20708038,0.026480654,0.29184726,-0.32071397,-0.089935176
attn_1_4_outputs,0,1.0241562,0.96489286,1.0276666,0.35654473,1.0846646,-3.270226,3.3644073
attn_1_4_outputs,1,0.37460825,0.94776106,0.22422247,-0.051788315,0.31041336,-4.298045,8.1572695
attn_1_4_outputs,2,0.5741699,0.08778465,0.4457423,0.18520795,0.43403816,-3.050599,1.8525792
attn_1_4_outputs,3,0.92926013,0.08662746,0.4294839,0.04271296,0.46816972,-2.5471666,0.7589038
attn_1_4_outputs,4,0.15282631,0.88873017,0.66292423,0.6189926,0.7884835,-2.7450166,2.7682467
attn_1_4_outputs,5,0.4102416,-0.22243905,0.40101728,0.031219639,0.30264878,3.747433,-10.421606
attn_1_4_outputs,<pad>,-0.22148272,-0.20994213,0.10770777,-0.36381924,-0.25632206,-0.019418854,0.5946826
attn_1_4_outputs,<s>,-0.1536806,-0.8068472,-0.38700256,-0.64081836,-0.45632568,-5.126934,9.066126
attn_1_4_outputs,_,0.48356557,0.21319157,0.41226852,0.0671524,0.5104056,0.87843686,-1.3317791
attn_1_4_outputs,_,0.21194567,-0.022280015,0.24751927,-0.25922447,0.042091306,0.33695716,-1.0680226
attn_1_4_outputs,_,0.2485697,0.026537057,0.04143773,-0.38917515,0.21285602,0.43308273,-0.61216706
attn_1_4_outputs,_,-0.49129415,-0.49499005,-0.044609044,-0.3659695,-0.16003077,0.41834545,-0.36292788
attn_1_4_outputs,_,0.34191418,0.1303695,0.06419171,-0.33978605,0.32926518,0.3951576,0.5506855
attn_1_4_outputs,_,0.3028005,0.20949575,0.22471254,0.20252416,0.12350132,0.35031137,-0.48434237
attn_1_4_outputs,_,0.6070322,0.10433517,0.42784992,0.63887006,0.14230882,0.2842547,-0.014149564
attn_1_4_outputs,_,0.002224657,0.13592139,-0.16292126,-0.29852524,0.12664379,0.034385193,-0.40763175
attn_1_5_outputs,0,0.11656585,-0.17542426,-0.109146595,0.33338374,-0.06843985,0.056110743,-0.27580926
attn_1_5_outputs,1,-0.06262312,-0.06372822,-0.31922242,-0.0015842245,-0.09287925,0.26287276,-0.06692943
attn_1_5_outputs,10,0.13712305,0.015645832,0.0278652,0.058836516,-0.07051697,0.23765595,-0.10458887
attn_1_5_outputs,11,-0.07974049,-0.2382424,0.2800257,0.30219167,-0.028100958,0.15143296,-0.25965807
attn_1_5_outputs,12,0.19797559,0.3372299,-0.37840417,0.3145453,-0.8898703,-0.18962084,-0.3414417
attn_1_5_outputs,13,0.3840579,0.6866498,-0.17116793,0.6356625,-0.7501534,0.25641683,2.0314968
attn_1_5_outputs,14,0.47147366,0.38990524,0.42836088,0.4848087,0.21865363,0.56121683,0.12309985
attn_1_5_outputs,15,0.23372358,0.052779716,0.30691117,0.24387185,-0.040922433,0.54246235,-0.056456044
attn_1_5_outputs,2,0.01072263,-0.20845827,-0.098441266,-0.0058355317,0.012483853,-0.14504452,-1.1445464
attn_1_5_outputs,3,-0.010344598,-0.12029165,-0.2723764,-0.25615948,-0.15845306,0.10134134,-0.25196975
attn_1_5_outputs,4,0.26772767,-0.018115139,-0.046449166,-0.12828971,-0.6096859,0.010564603,-0.42782262
attn_1_5_outputs,5,-0.099050134,0.035970937,-0.016059978,0.1708077,-0.12432224,0.15148525,0.055750765
attn_1_5_outputs,6,-0.8016306,0.65163606,0.7142402,0.9540563,0.21423364,-1.0380605,0.2256695
attn_1_5_outputs,7,0.25294092,0.15045157,0.14200714,0.26355082,0.104604736,0.27452016,0.8717542
attn_1_5_outputs,8,0.011186858,0.1548112,0.5021371,0.0047049094,0.17041343,0.08054953,-0.05545166
attn_1_5_outputs,9,0.16244435,0.03202164,0.05369217,0.2913605,0.15227577,0.09034424,-0.015572017
attn_1_6_outputs,0,3.035776,-1.0037907,-1.0573295,-2.1938457,-0.81736344,-0.73061526,4.287842
attn_1_6_outputs,1,0.118113555,0.17159249,0.07945603,0.4537629,0.17323188,0.39392376,-1.0739111
attn_1_6_outputs,10,0.1455907,0.048611157,0.05036319,0.52789253,-0.052960813,0.14487822,-1.2902175
attn_1_6_outputs,11,0.032602925,0.05911162,0.0570575,0.19799241,0.026108332,0.3713421,-0.2023854
attn_1_6_outputs,12,0.34358132,0.1673756,0.11377436,-2.9579158,0.08994052,0.14045373,2.8682969
attn_1_6_outputs,13,0.20868437,0.30702272,0.14970684,0.6067037,0.096065365,0.24993895,-1.0663339
attn_1_6_outputs,14,-0.6365155,0.56663114,0.5497953,0.6751969,0.28055865,0.5959207,-1.3610288
attn_1_6_outputs,15,0.27223384,0.088000104,0.13025138,0.8593435,0.099060506,0.4443749,-1.0645328
attn_1_6_outputs,2,1.7240605,-0.14032279,-0.43790075,-1.1669437,0.38361013,-0.02926912,-1.2193103
attn_1_6_outputs,3,0.20247151,0.07859565,0.19490261,0.39350975,0.035649065,0.08475636,-0.015541427
attn_1_6_outputs,4,-0.05284293,0.011138823,-0.086474754,0.2976432,-0.027809016,0.024908263,-1.1284069
attn_1_6_outputs,5,0.050566033,0.087493435,0.15367073,0.47023287,0.14661908,0.23352528,-0.8132923
attn_1_6_outputs,6,-0.14232554,1.1062343,-0.37832293,0.2664717,-0.33164957,0.1018252,-0.7502726
attn_1_6_outputs,7,0.22189116,-0.11386962,-0.17288323,0.622078,0.10794502,0.28585544,-1.4667948
attn_1_6_outputs,8,0.48201215,0.35800034,0.33904436,0.6886691,0.28177962,0.38628772,-0.89394397
attn_1_6_outputs,9,-0.00322834,0.028010182,0.13866507,0.6475936,-0.027166896,0.3733632,-0.20864823
attn_1_7_outputs,0,0.13063978,0.1635443,0.113257535,0.18738596,0.2941224,0.09816303,-0.720048
attn_1_7_outputs,1,0.30278304,0.08589836,-0.04861973,0.094239905,0.19487266,0.053520218,0.16843244
attn_1_7_outputs,2,0.17593896,0.19819488,-0.03845017,0.021534536,0.21965994,0.06064724,-0.385529
attn_1_7_outputs,3,0.16460016,0.2936201,0.0085355155,0.19055776,0.15244341,-0.0063213687,-0.37854916
attn_1_7_outputs,4,0.24026793,0.050659493,0.013996705,0.06735931,0.11215985,0.13413247,-0.9281611
attn_1_7_outputs,5,-0.10728115,0.0284415,-0.22181201,-0.03725672,-0.0068720537,-0.2018138,-0.49159348
attn_1_7_outputs,<pad>,0.19853215,0.016762733,-0.033246845,-0.26535386,-0.26742205,0.28613266,0.63791627
attn_1_7_outputs,<s>,0.1628595,0.04100121,-0.119200744,0.023826007,0.2321994,0.13682884,0.5905309
attn_1_7_outputs,_,-0.487626,-0.44097582,-0.6333944,0.14125669,-0.29672706,-0.14605926,0.22409081
attn_1_7_outputs,_,0.8283088,0.08524468,-0.26269814,-0.37386352,-0.44531283,0.43891653,0.06340426
attn_1_7_outputs,_,0.03680222,0.13801047,0.35907105,-0.034157638,-0.1735649,0.21085338,-0.48732466
attn_1_7_outputs,_,-0.49191126,0.091186784,0.88131106,0.20637934,-0.77626115,0.4983643,0.2715626
attn_1_7_outputs,_,-0.19691092,-0.2824639,0.3390942,0.07267688,-0.30283764,-0.18139024,0.64658374
attn_1_7_outputs,_,0.08061276,-0.5818215,0.017507298,-0.4444709,0.2508995,-0.3340179,0.22356705
attn_1_7_outputs,_,0.304096,0.13185935,0.2201577,-0.14989455,-0.10851499,-0.062498093,0.48885772
attn_1_7_outputs,_,-0.11793434,-0.2294624,-0.46367666,0.13194308,-0.3968371,0.21589617,-0.0628185
attn_2_0_outputs,0,-0.0011049724,-0.13213581,0.20487124,-0.076598875,-0.24730149,-0.29224315,-0.0035091224
attn_2_0_outputs,1,0.0060086376,-0.12839104,0.19475938,0.12123012,0.46655655,0.29936868,-1.3458301
attn_2_0_outputs,10,0.014391721,-0.58016837,0.035605066,-0.33969507,-0.39595124,-0.16581027,-2.241855
attn_2_0_outputs,11,0.1326065,0.11614615,-0.113521375,0.21744698,0.35283914,0.025695706,0.6682892
attn_2_0_outputs,12,-0.26435405,-0.3963628,-2.9327376,-0.099266484,-0.3079579,-0.08616078,6.7065005
attn_2_0_outputs,13,0.06906943,0.40992248,0.24269396,0.71943736,0.14827782,0.37171537,0.3226336
attn_2_0_outputs,14,-0.027828647,-0.069032505,0.6315796,0.002831855,0.04062926,0.22551467,-0.2625679
attn_2_0_outputs,15,0.31177664,-0.049960963,0.6095104,1.2114617,-0.45251063,-0.16966838,-0.5954099
attn_2_0_outputs,2,0.19871968,0.2353969,0.5225571,0.2919347,0.24598832,0.3760959,-0.9050047
attn_2_0_outputs,3,0.028743932,0.42476484,0.84931093,0.1455407,0.37866336,0.6585527,-1.8535602
attn_2_0_outputs,4,0.15182638,-0.5185414,-0.16026847,0.15132332,-0.27172175,0.24895503,-1.7727448
attn_2_0_outputs,5,0.43815106,0.08493819,0.36020404,0.2896255,0.29309648,0.39243618,-1.1905544
attn_2_0_outputs,6,0.44779038,0.35319573,0.6818697,0.6104834,0.48149252,0.62645257,-2.026294
attn_2_0_outputs,7,0.5165812,-0.014546102,0.45314434,0.4733134,-0.06817769,0.31350586,-0.78867185
attn_2_0_outputs,8,0.9807807,-0.21631317,0.69284207,-0.45545635,-0.08358109,1.0458338,-0.83997196
attn_2_0_outputs,9,0.27832597,-0.56054074,0.45251608,-0.13875513,-0.15297556,0.39943102,-0.9698668
attn_2_1_outputs,0,-0.7614096,-0.60901785,-0.138135,-0.46212927,-0.43688583,-0.5657311,2.6449256
attn_2_1_outputs,1,0.3462631,0.20954189,0.59437484,0.44331834,0.300501,0.2138176,-0.57255805
attn_2_1_outputs,10,0.107711405,0.258331,0.09327271,0.22134471,-0.038575977,-0.066660225,-0.64046633
attn_2_1_outputs,11,-0.14898899,-0.2573139,0.27894932,0.06773633,-0.31711397,-0.04408221,0.37126496
attn_2_1_outputs,12,-0.07760604,-0.07565293,0.40279046,-0.39253753,-0.13755034,-0.117112465,0.8605561
attn_2_1_outputs,13,0.23488802,0.1952236,0.52623224,-0.01967161,0.13268909,0.34990123,-0.68280655
attn_2_1_outputs,14,0.1189835,-0.16299552,0.17776124,0.25250667,0.08664997,0.06709071,0.5952767
attn_2_1_outputs,15,0.18779363,-0.06950042,0.108795464,0.038037125,0.0363459,-0.30767807,0.57940286
attn_2_1_outputs,2,0.13242507,0.1344692,0.26627204,0.100438826,0.17580654,0.06892911,-2.5279744
attn_2_1_outputs,3,-0.24219076,0.027383395,0.24255596,-0.009698254,-0.052024774,0.02441005,-0.09052664
attn_2_1_outputs,4,-0.05493668,0.06538129,0.2793211,0.0905556,0.056710914,0.162587,-0.5865828
attn_2_1_outputs,5,0.16374142,-0.095893145,0.22744694,-0.046058718,0.033385105,-0.056729864,-0.48330763
attn_2_1_outputs,6,0.40077615,0.48857775,0.018083679,0.70652866,0.29946077,-0.3393687,-1.5063196
attn_2_1_outputs,7,0.1358942,0.11084452,0.1631579,0.040401682,-0.027739678,-0.13567486,-0.46524292
attn_2_1_outputs,8,0.20623837,-0.061917428,0.28698915,0.15226662,0.17726403,0.059293937,-0.80516523
attn_2_1_outputs,9,0.45950863,-0.5111728,-0.04818961,0.13634889,-0.054868367,-0.19584808,0.17227301
attn_2_2_outputs,0,0.1429703,-0.27634948,-0.7922043,-0.72492874,-0.38493055,-0.05078777,0.11062757
attn_2_2_outputs,1,0.1763874,0.08111507,0.14505321,-0.14813858,-0.0662186,0.26831165,-0.8593062
attn_2_2_outputs,10,0.29806015,0.14320642,0.042452045,-0.25845805,-0.03666437,0.34030494,-0.5444133
attn_2_2_outputs,11,0.98145705,0.445233,-1.5825434,1.2830455,1.4708298,-1.1753085,-0.16082416
attn_2_2_outputs,12,0.29007563,-0.032176275,0.030800369,-0.07402042,-0.07872223,0.29089275,0.250027
attn_2_2_outputs,13,0.74233174,-0.12404007,-0.033746034,-0.0525391,-0.3512319,0.47669917,-0.46740267
attn_2_2_outputs,14,0.5021075,0.28695673,0.23412043,-0.17845966,0.096310794,0.6399388,-0.14131705
attn_2_2_outputs,15,0.39165616,0.28944856,0.28213224,-0.09499654,-0.022033712,0.54632694,-0.29403418
attn_2_2_outputs,2,0.32969576,-0.061940435,0.49225926,0.01376499,-0.21834798,0.3184014,-0.55317205
attn_2_2_outputs,3,0.22503792,-0.17662562,-0.12528951,-0.23881103,-0.12458778,0.18570466,-0.050127048
attn_2_2_outputs,4,0.17065042,-0.11478266,-0.079757065,-0.23715848,-0.12915683,0.102932446,-0.32676452
attn_2_2_outputs,5,0.22720928,0.06187704,0.18463588,-0.48459318,-0.3377926,0.49840587,-0.36865917
attn_2_2_outputs,6,0.21131638,-0.021142008,0.017000156,-0.08137214,-0.09034824,0.16944659,0.012264824
attn_2_2_outputs,7,0.122991204,-0.30377802,0.3431204,-0.1853258,0.3551474,0.5108513,-0.14276716
attn_2_2_outputs,8,0.61396104,0.33073807,0.34557393,-0.06553508,0.3347285,0.35989416,-0.5148837
attn_2_2_outputs,9,-0.110987134,-0.31763235,0.4517205,-0.07404473,-0.1986968,0.18940584,-0.1641412
attn_2_3_outputs,0,0.16961677,0.24721357,0.122811295,0.14787512,0.20153315,0.07395951,-1.040651
attn_2_3_outputs,1,0.30139276,0.21331799,0.16316296,0.37302503,0.58832675,0.1220657,-1.5023385
attn_2_3_outputs,10,0.40007815,0.40166554,0.42659447,0.3296228,-0.01248921,0.42444322,-3.1071916
attn_2_3_outputs,11,0.32699105,0.20383413,0.4530496,0.10782744,0.6960595,0.04483179,-2.079587
attn_2_3_outputs,12,-0.43996388,0.4840765,-0.17551954,0.2426875,-0.07410231,-0.07832233,0.17856705
attn_2_3_outputs,13,0.22990783,0.9890713,-0.31496513,0.7277497,-2.0472097,0.27702883,5.12434
attn_2_3_outputs,14,0.11907643,0.5109555,0.2001643,0.21044454,0.521301,0.05963678,-1.3226463
attn_2_3_outputs,15,-0.22748134,-0.068587445,-0.2982793,-0.36004615,0.23746443,-0.21241802,-2.3673513
attn_2_3_outputs,2,-1.3123575,-1.2533879,-1.3030678,-1.395644,-3.3252573,-1.3126235,8.702143
attn_2_3_outputs,3,0.0010995945,0.09629827,-0.20842661,0.26178998,0.33048266,-0.049683835,-1.3325139
attn_2_3_outputs,4,0.42404747,0.12359657,0.3847654,0.5738284,0.29253194,-0.22444102,-1.3249223
attn_2_3_outputs,5,0.19029698,0.18502437,0.009452058,0.30506343,0.2672184,0.13903306,-2.3888903
attn_2_3_outputs,6,-0.86288977,0.6767989,0.5003343,0.58243036,0.8715382,-0.8962233,-1.1752847
attn_2_3_outputs,7,0.15091059,0.2955581,0.23288015,0.15280713,-0.27215993,0.22802542,-1.4646686
attn_2_3_outputs,8,0.1476338,0.4396251,0.11421118,-0.031403877,0.5229476,0.7190411,-1.1185946
attn_2_3_outputs,9,0.21378627,0.3337727,-0.09107119,0.28605163,0.48881474,0.18599287,-2.1573248
attn_2_4_outputs,0,-0.21432325,0.04003312,0.026133684,0.24681596,0.066528544,0.18722126,2.216857
attn_2_4_outputs,1,0.077236354,-0.31581616,-0.38935542,-0.20686251,-0.27792892,-0.18964256,-1.6478549
attn_2_4_outputs,10,0.39303917,0.253726,-0.046218816,0.3048784,0.073681615,0.4290681,-0.99579877
attn_2_4_outputs,11,0.4093517,0.06830375,0.3291052,0.35647604,-0.080587685,0.476563,-0.20906651
attn_2_4_outputs,12,0.09953053,0.12404301,-0.31384993,-1.2651072,-0.04849556,-0.080855735,2.5658855
attn_2_4_outputs,13,0.33371255,-0.26213542,-0.18329708,-0.061867442,-0.25276443,-0.051321052,-1.0093328
attn_2_4_outputs,14,-6.0293093,0.13345867,0.007183218,0.11626662,-0.15694167,0.044254024,13.101068
attn_2_4_outputs,15,0.33989877,0.13178831,-0.044814605,0.29450256,0.16115712,0.23795319,-0.67592275
attn_2_4_outputs,2,0.4670846,0.08616136,0.030814566,0.05525184,0.005224994,0.041836098,-4.1434636
attn_2_4_outputs,3,0.31464785,0.1795065,-0.059948303,0.23711985,-0.0554517,-0.10209137,0.14262016
attn_2_4_outputs,4,0.49248958,-0.07392133,0.10625532,0.08937957,-0.005705077,0.033663355,-1.7362468
attn_2_4_outputs,5,0.82666266,0.4330821,0.14089717,0.23592056,0.5523533,0.48675165,-2.0115047
attn_2_4_outputs,6,0.7476507,1.0195999,-0.67494005,-0.041391913,0.94361526,-0.5373331,-2.5583947
attn_2_4_outputs,7,0.4205447,0.5078279,0.24785885,0.43107766,0.26225907,0.3127234,-0.59749335
attn_2_4_outputs,8,0.11597649,0.14138584,0.050397217,0.039719768,-0.12875037,-0.04817251,-1.2165796
attn_2_4_outputs,9,-0.15203105,0.1065837,-0.18318416,-0.037366994,-0.060242917,0.09989926,0.3864791
attn_2_5_outputs,0,-4.120133,0.27546853,0.39078832,-5.6205425,-0.052830633,0.28666365,9.717689
attn_2_5_outputs,1,1.0006044,0.2676439,0.1475774,0.58566654,0.1675866,0.46972832,-1.7937425
attn_2_5_outputs,10,0.04157496,-0.096464165,-0.103233255,0.27926102,-0.068539545,0.031110918,-1.2580823
attn_2_5_outputs,11,0.10772136,-0.23336513,-0.22680403,0.20737813,0.11443251,-0.28889665,-1.0122228
attn_2_5_outputs,12,-0.4795232,-0.46579137,-0.15946513,-0.5417973,-0.40968424,-0.42086825,1.5100842
attn_2_5_outputs,13,0.8073968,-0.18909113,0.20988391,1.0067191,0.20287469,0.29029143,-1.0575671
attn_2_5_outputs,14,0.61976373,-0.086211585,0.11426043,0.61923003,-0.020542985,0.0013197418,-0.43753254
attn_2_5_outputs,15,0.08597616,-0.3361092,0.0057970462,0.3168065,-0.071132734,-0.2759869,-0.2960678
attn_2_5_outputs,2,0.010067537,0.8571886,1.4475584,-5.2070456,0.6814835,1.2509993,-2.7912548
attn_2_5_outputs,3,-0.24594258,-0.24079376,-0.46564233,0.22927459,-0.090128064,-0.4745198,0.17267302
attn_2_5_outputs,4,0.6378178,-0.030160181,-0.044279,0.5638779,-0.16928692,0.036863074,-2.124311
attn_2_5_outputs,5,0.53998464,-0.1115895,-0.10114207,0.564488,-0.14858355,-0.107179835,-2.4934747
attn_2_5_outputs,6,0.8110261,-0.36190137,-0.01462601,0.5685005,-0.15338844,-0.17183298,-3.4316695
attn_2_5_outputs,7,0.13674481,-0.19123712,0.12796426,0.29195413,-0.0009891228,-0.029779853,-1.1667151
attn_2_5_outputs,8,0.48483494,0.20748866,0.17751409,0.60365087,-0.031297132,0.05814035,-1.4587351
attn_2_5_outputs,9,0.30201992,-0.09174243,0.2296511,0.39971638,-0.112196445,0.22969635,0.31968072
attn_2_6_outputs,0,-0.106200054,-0.09975129,0.18666813,-0.11647052,-0.35305277,-0.20632826,0.48342294
attn_2_6_outputs,1,0.11676255,0.58822095,0.14361763,0.08603454,0.26635635,0.27492803,-6.652106
attn_2_6_outputs,10,0.56754637,0.4928781,-0.06289845,0.27527606,-0.048946463,0.0724736,0.07227062
attn_2_6_outputs,11,0.39060727,-0.049819726,-0.05629798,0.042531986,-0.2881553,0.14624028,-0.72757125
attn_2_6_outputs,12,-0.24334247,0.07680382,0.7399764,-0.1963187,-0.32436237,-0.19167459,0.8872136
attn_2_6_outputs,13,0.32923508,0.0018034914,-0.1369749,0.415378,-0.010026116,-0.12755728,0.051552262
attn_2_6_outputs,14,-0.4402253,0.90038747,0.057929005,-0.25151032,0.2914076,0.19844414,0.42155465
attn_2_6_outputs,15,-0.10357168,0.19907103,-0.21852547,0.246305,-0.60069823,0.14593297,-0.5195345
attn_2_6_outputs,2,0.23097649,-0.65898985,0.8108405,1.2358494,0.61590886,-0.8247013,-0.29199722
attn_2_6_outputs,3,-0.6805568,-0.76617175,-0.51822037,-0.40256,-0.22568463,-0.9440263,2.3433511
attn_2_6_outputs,4,-0.04199223,-1.7659422,1.3875314,-0.48162416,0.020176096,1.1605811,-0.6251266
attn_2_6_outputs,5,-0.11113762,0.025457116,-0.11626393,0.038251188,-0.06688776,0.0419861,-0.47079813
attn_2_6_outputs,6,0.2109351,0.49035677,-0.027873185,0.2617242,0.16533363,0.354451,-0.19616608
attn_2_6_outputs,7,-0.65170586,-1.0460873,0.91221565,1.2491187,1.0364879,-1.3066989,-0.46317494
attn_2_6_outputs,8,0.0054335166,0.9870217,-0.18068421,-0.03371,0.02520567,0.31936505,-0.141718
attn_2_6_outputs,9,0.05480968,-0.25442117,-0.1520913,-0.10181378,-0.18600601,0.40528554,-0.46118814
attn_2_7_outputs,0,0.108930476,-0.30750152,0.5675044,-0.2540893,-0.22633865,1.2573105,-1.0390769
attn_2_7_outputs,1,0.8772524,-0.5893878,-0.1369257,-0.093668796,-0.66445607,-0.03863967,-0.29739624
attn_2_7_outputs,10,-0.33325183,1.2143643,-1.1299814,0.103035286,-0.9119108,1.4043269,0.18124664
attn_2_7_outputs,11,-1.5140169,-1.0707136,1.382427,-0.326601,1.6449454,1.5370015,0.94189596
attn_2_7_outputs,12,0.24536018,-0.27723405,-0.12185466,0.08430588,0.09761424,0.23648158,-0.24313286
attn_2_7_outputs,13,0.02431621,-0.13536102,-0.07166042,-0.06572386,-0.005983956,0.05181265,-0.50650674
attn_2_7_outputs,14,1.1603258,-1.0137458,0.30651182,0.3386039,0.2749098,-0.065161616,-0.4586539
attn_2_7_outputs,15,0.17901671,-0.23227926,0.08530705,-0.059018597,0.0351225,-0.0013666564,0.24731441
attn_2_7_outputs,2,-0.27904698,-0.41495937,-0.3183868,-0.34058017,-0.13497801,-0.4173748,0.04577714
attn_2_7_outputs,3,1.6087762,-0.39003405,0.082987696,0.27723545,-0.29173046,0.40570372,-0.28708872
attn_2_7_outputs,4,0.1078609,0.03297132,0.08770391,0.07783778,0.36524332,-0.07248433,0.24854657
attn_2_7_outputs,5,0.7211219,-0.16145821,0.16774073,0.0067816274,0.06266732,-0.039483864,0.18776736
attn_2_7_outputs,6,0.7528438,-0.48497313,0.05559883,0.24036807,0.24293934,-0.19767612,-0.20913373
attn_2_7_outputs,7,1.1051093,-0.5884291,-0.34090447,0.08448269,-0.184854,0.4527702,0.3510101
attn_2_7_outputs,8,0.46645615,0.18940301,0.062548555,0.15832788,0.49278447,0.28959826,0.2860175
attn_2_7_outputs,9,0.36661255,0.041495323,0.19295524,0.10983598,0.38678837,0.29154333,-0.07095713
mlp_0_0_outputs,0,0.2826808,-0.27503625,-0.10778362,-0.1911516,-0.17024417,0.05683834,-0.2158821
mlp_0_0_outputs,1,-0.1677065,-0.45727837,0.2634106,-0.0044764034,-0.26726577,0.440224,0.31159446
mlp_0_0_outputs,10,-0.102124475,-0.23421787,-0.2818126,-0.02359425,-0.25217488,-0.15708037,1.2712082
mlp_0_0_outputs,11,-0.14330554,-0.38992503,0.06868305,0.2364079,-0.22270212,0.26727217,0.7325262
mlp_0_0_outputs,12,-0.3374091,0.18072192,0.08502966,0.341766,-0.31262285,0.21918344,0.007805272
mlp_0_0_outputs,13,1.0458517,0.84331256,1.0672671,0.7253339,1.0200456,0.53463036,-22.79061
mlp_0_0_outputs,14,0.1355626,-0.5950576,0.049802817,0.25160486,-0.27745456,0.49519867,-0.09406794
mlp_0_0_outputs,15,-0.3081883,-0.023069113,0.042927478,0.21098104,0.03444924,0.23798452,0.5149207
mlp_0_0_outputs,2,0.32586533,0.14353693,0.24889846,0.3340393,-0.13588353,0.16740909,1.5475905
mlp_0_0_outputs,3,0.20445396,-0.29794112,0.16166224,0.41702208,0.35497326,0.046536457,0.42608944
mlp_0_0_outputs,4,-0.027612992,-0.6449405,-0.23034339,0.73886275,-0.18187732,0.33567256,0.42848527
mlp_0_0_outputs,5,0.51328903,-0.18754199,0.31652284,0.49910942,0.07391563,0.063284285,1.086412
mlp_0_0_outputs,6,0.2992612,-0.41403854,0.2200559,0.6828159,-0.044355646,-0.18252432,0.8803461
mlp_0_0_outputs,7,-0.027419511,-0.18684939,-0.20128049,-0.09139135,-0.2425459,-0.13506363,1.7755867
mlp_0_0_outputs,8,0.7434098,-0.23027158,0.1107284,0.13715115,-0.22275543,0.0027926269,0.23151785
mlp_0_0_outputs,9,-0.080035314,-0.299591,-0.08518483,0.0011917099,-0.30123666,-0.10723496,0.28660694
mlp_0_1_outputs,0,0.020278517,-0.37623143,0.27786693,-0.10385701,0.07806737,0.12933032,-0.4283183
mlp_0_1_outputs,1,-0.4901415,0.44230294,0.03870025,-0.134813,-0.87400645,-0.30097392,-0.73823124
mlp_0_1_outputs,10,0.39309555,0.37853324,0.123235576,0.18440238,0.21979865,0.46397707,-2.0741372
mlp_0_1_outputs,11,-0.10454427,-0.26442063,0.5750188,0.12846363,0.24965607,-0.2577765,-0.77443933
mlp_0_1_outputs,12,0.8938324,1.373859,0.80182374,0.3131012,0.5369139,0.13494773,3.986603
mlp_0_1_outputs,13,-0.06243568,-0.1250865,0.24330357,0.18054333,-0.5574406,0.33488137,0.1320176
mlp_0_1_outputs,14,0.39390212,1.1347663,0.025531102,0.2909714,0.24389471,0.44723567,-5.9144864
mlp_0_1_outputs,15,0.28086838,0.050336488,0.4945182,0.34919676,0.07531777,0.38022345,-4.287949
mlp_0_1_outputs,2,0.47502002,0.009779094,0.22483547,0.42849678,0.009220586,0.21853873,0.12914045
mlp_0_1_outputs,3,-0.15969482,-1.462609,0.22831626,-0.57970595,-0.8541079,-0.04305059,2.0920324
mlp_0_1_outputs,4,-0.10718445,0.0074761943,0.091197535,-0.106231645,-0.009481533,-0.54513663,1.4195591
mlp_0_1_outputs,5,-0.09469292,-0.2367083,0.052524,0.038301,0.1336775,-0.062182557,-0.025174342
mlp_0_1_outputs,6,-0.8656622,-1.0719548,0.17854762,-0.62756205,-0.104201816,-0.5948596,1.0808669
mlp_0_1_outputs,7,0.45690084,-3.0985188,0.42160308,-0.11837618,0.3467703,0.117740534,4.1304073
mlp_0_1_outputs,8,0.039481528,-0.42062736,0.1894731,-0.012530089,-0.010530097,0.06940781,1.7611598
mlp_0_1_outputs,9,0.71251374,0.45720837,1.1638579,-0.6545725,0.74100536,0.5341031,-1.5113732
mlp_0_2_outputs,0,-0.044647906,7.909227e-05,-0.10315313,-0.17229867,-0.0842976,-0.37183928,-0.26206687
mlp_0_2_outputs,1,0.26850072,0.09164394,0.36463255,-0.21085373,-0.059432846,-0.1065605,0.038038053
mlp_0_2_outputs,10,0.06565627,0.031099321,0.2637849,-0.060349885,-0.1117142,-0.1249125,-0.021258555
mlp_0_2_outputs,11,-0.18696977,-0.063561276,0.18847056,-0.08880476,0.35424158,0.08591457,-0.34497842
mlp_0_2_outputs,12,0.28342968,0.17334192,0.51117754,0.16993977,0.10257739,0.2669486,0.33515248
mlp_0_2_outputs,13,0.14670606,-0.06380301,0.052425917,-0.11194006,-0.4701769,-0.310113,-0.28635526
mlp_0_2_outputs,14,-0.27165753,0.3782983,0.12779823,0.022293678,0.18402243,0.018839885,-0.3745033
mlp_0_2_outputs,15,-0.16954066,0.10185627,0.32439396,0.17541297,-0.23026553,0.0069464967,0.07255158
mlp_0_2_outputs,2,0.15379824,0.2970673,-0.016300304,-0.0760627,-0.023555426,0.06358985,0.306264
mlp_0_2_outputs,3,-0.267274,-0.11003671,0.36500823,-0.41384205,-0.043764245,0.32764775,0.08230561
mlp_0_2_outputs,4,0.3962372,0.07410026,0.024433928,0.29629838,-0.050177775,0.308154,-0.05227504
mlp_0_2_outputs,5,0.05049772,0.3712038,0.35269117,-0.009847409,0.0688745,-0.26074252,0.02866478
mlp_0_2_outputs,6,0.058118768,0.16790392,0.27954277,0.31406483,-0.077035695,0.22313829,0.11875248
mlp_0_2_outputs,7,0.14856851,0.3108039,0.4213492,0.29672155,0.069930024,0.21768992,0.18972321
mlp_0_2_outputs,8,0.21649541,0.37286234,0.29214916,-0.0030662804,-0.04290949,-0.059854914,0.113810085
mlp_0_2_outputs,9,0.30053276,0.57342553,0.50809395,0.22818191,0.25142476,0.17539296,0.23959775
mlp_0_3_outputs,0,0.031619437,-0.47121102,-0.5789491,0.11840433,-0.60988295,-0.34484094,1.9073308
mlp_0_3_outputs,1,0.281794,0.01424303,-0.17761075,0.087198414,0.14320463,0.44372258,-0.91313434
mlp_0_3_outputs,10,0.31298754,0.052288957,0.02766542,0.277934,0.19497164,0.2663786,-1.204488
mlp_0_3_outputs,11,-0.09819442,-0.15948771,-0.23206003,0.33605203,-0.033314787,-0.26676887,-0.100136176
mlp_0_3_outputs,12,0.21691476,-0.15075423,-0.14756145,-0.44256037,-0.06019454,0.09647042,1.8838849
mlp_0_3_outputs,13,0.7921328,0.1470435,-0.010394997,0.5955758,0.16027373,0.45170194,-1.0238839
mlp_0_3_outputs,14,-0.01910611,0.34269327,0.10552046,0.5957116,0.19551703,0.48622152,0.0007785293
mlp_0_3_outputs,15,-0.12319504,0.10594521,0.13192931,0.70559406,-0.024933074,0.2781705,-0.3353674
mlp_0_3_outputs,2,0.044824988,-0.20529042,-0.18602979,-0.02838625,-0.1335754,0.036352128,-0.266139
mlp_0_3_outputs,3,0.7666924,0.035235092,0.1917237,0.59866923,0.34134567,0.3216952,-1.0336972
mlp_0_3_outputs,4,0.4404347,0.24202196,-0.13289085,0.47027797,-0.06251255,0.33804676,-0.6580796
mlp_0_3_outputs,5,0.06433411,-0.17489463,-0.020398926,0.14713846,-0.212728,0.11748807,-0.47023225
mlp_0_3_outputs,6,0.91812015,-0.082191065,-0.028688544,0.69687426,0.63793266,0.8046221,-0.44877577
mlp_0_3_outputs,7,0.34178492,0.05538012,0.34262297,0.6194731,0.43789288,0.46361738,-1.029782
mlp_0_3_outputs,8,0.40313077,0.23943777,0.13648981,0.4942267,0.267187,0.39309132,-1.1404935
mlp_0_3_outputs,9,-0.13452059,-0.04224027,-0.28070614,0.2750435,-0.2779633,-0.05545203,0.67257774
mlp_1_0_outputs,0,-0.33853328,-0.2862962,-0.21542613,0.108529046,-0.7368773,-0.71209526,2.968692
mlp_1_0_outputs,1,-0.39623848,-0.022057267,-0.51704127,0.10421565,0.029875608,-0.86878794,1.5475597
mlp_1_0_outputs,10,-0.51464564,-0.19046503,-0.36596233,-0.18695998,-0.6719328,-0.67189115,2.0078523
mlp_1_0_outputs,11,-0.6294328,-0.5418212,-0.53255606,-0.3261933,-0.19250272,-0.9009384,1.6987619
mlp_1_0_outputs,12,-0.1696958,-0.6066579,0.14966583,-0.43202126,-0.743682,-0.57308245,1.2315676
mlp_1_0_outputs,13,-0.46083444,-0.3006674,-0.5808366,0.3009431,-0.768216,-0.83611697,1.9324573
mlp_1_0_outputs,14,-0.6012706,-0.8441864,-0.14450517,0.11549927,-0.08339502,-0.40755078,0.6296451
mlp_1_0_outputs,15,-0.21036835,-0.8587979,0.2413511,-0.29078287,-0.58916485,-0.5919993,1.5883087
mlp_1_0_outputs,2,-0.20805523,-0.2901901,-0.017405702,0.15828961,-0.008366339,-0.5753208,1.6164813
mlp_1_0_outputs,3,-0.5269363,-0.41246024,-0.18634735,-0.18189852,-0.18705183,-0.6583403,2.0722759
mlp_1_0_outputs,4,-0.2803802,-0.5015742,-0.29565117,0.024368,-0.83548176,-0.80323845,3.3628016
mlp_1_0_outputs,5,-0.098424576,-0.59686834,-0.49584678,-0.11423354,-0.29230574,-0.8113129,1.5233237
mlp_1_0_outputs,6,0.19169626,-0.005266787,0.40151107,0.26843107,0.10194876,0.15735647,-0.39200538
mlp_1_0_outputs,7,-0.56469786,-0.6255186,0.17716125,0.2835757,-0.23397619,-0.24916354,1.4084623
mlp_1_0_outputs,8,0.8775959,1.0959929,1.0390466,0.5635887,0.9989867,1.4847498,-22.145412
mlp_1_0_outputs,9,-0.0177106,0.27821836,-0.85380507,0.008849274,-0.69159275,-0.839522,1.2944167
mlp_1_1_outputs,0,-0.18936303,-0.18991466,-0.04674532,-0.20646994,0.095248036,0.04703719,-0.31593552
mlp_1_1_outputs,1,0.122655734,-0.052608933,0.4580573,-0.074387945,-0.023546722,-0.23260592,-0.12328833
mlp_1_1_outputs,10,0.2139009,0.18764779,0.081612065,-0.08529695,0.19293433,-0.20748223,-0.07520141
mlp_1_1_outputs,11,-0.13143243,-0.46469086,-0.00042814642,-0.023184096,-0.28920346,-0.30125168,-0.36757112
mlp_1_1_outputs,12,-0.1380677,-0.0026577807,-0.08491621,-0.41838905,0.2424773,-0.29964274,-0.5253795
mlp_1_1_outputs,13,-0.102645725,-0.29779392,-0.084280625,-0.21081457,-0.059053235,-0.26052228,-0.52066636
mlp_1_1_outputs,14,-0.0123991,0.043245535,0.30318624,0.14345205,0.18547311,0.294729,-0.06403378
mlp_1_1_outputs,15,-0.26871458,-0.12939462,0.1793019,-0.2990924,-0.20955966,-0.19992122,-0.41039068
mlp_1_1_outputs,2,0.10705392,-0.1815895,0.40174532,0.17205091,0.19039719,0.20406164,0.028023629
mlp_1_1_outputs,3,-0.067327715,-0.09662172,0.18238984,0.12210565,0.39827898,-0.006466963,-0.21709187
mlp_1_1_outputs,4,0.3352145,-0.29937258,0.3309795,0.01593039,-0.27439338,-0.13615288,-0.24676578
mlp_1_1_outputs,5,0.4454587,-0.045016896,0.1186576,0.012626112,0.2681754,-0.09819518,-0.3031354
mlp_1_1_outputs,6,0.08706004,0.2021531,0.110792756,-0.035123646,0.12578161,-0.2017057,-0.28246886
mlp_1_1_outputs,7,0.42068914,0.14228505,0.63350403,0.54064566,0.20698936,0.23875478,0.18522571
mlp_1_1_outputs,8,-0.17912774,0.035373252,0.19961888,0.017329535,0.2973853,0.1147104,-0.3912489
mlp_1_1_outputs,9,0.02556961,-0.36324343,0.056533467,-0.15019765,-0.033815652,0.047449812,-0.26422375
mlp_1_2_outputs,0,-0.11643886,-0.11941928,-0.16941705,0.12362256,0.092630684,0.09077117,-0.22358112
mlp_1_2_outputs,1,-0.22070245,-0.09369375,0.31592816,0.17394964,-0.32963437,0.0070769317,-0.4447046
mlp_1_2_outputs,10,-0.12289471,-0.11282893,0.3395838,0.18731144,0.079890445,0.2554769,-0.3716355
mlp_1_2_outputs,11,-0.5793285,0.13756743,0.014629536,0.16512205,0.09364775,0.27399528,-0.15652883
mlp_1_2_outputs,12,-0.117355295,-0.33026537,0.17216706,0.1707128,-0.051415488,0.0068532526,-0.38778806
mlp_1_2_outputs,13,-0.2330352,-0.019793823,0.03274289,0.21307057,0.51965374,0.6557736,-0.119756274
mlp_1_2_outputs,14,-0.3296752,-0.18548405,0.27411622,0.14498861,-0.018087117,0.1228358,-0.38583428
mlp_1_2_outputs,15,-0.052179202,-0.1737404,-0.09146615,0.023469873,-0.05515778,0.15295151,-0.3230464
mlp_1_2_outputs,2,-0.30696458,-0.1215981,-0.084400535,0.14897351,-0.007963308,0.13788037,-0.38664696
mlp_1_2_outputs,3,-0.10184321,-0.106409855,0.12109724,0.31855896,-0.032605845,0.272375,0.05778355
mlp_1_2_outputs,4,-0.39992735,0.025422605,-0.16850795,0.32573226,0.3669402,0.28889155,-0.05570087
mlp_1_2_outputs,5,-0.20996901,0.10180271,0.118873745,0.011930661,-0.21958916,0.68527865,-0.1342258
mlp_1_2_outputs,6,-0.3165785,0.07754045,0.16682065,0.2906654,0.041563105,0.36943096,-0.12271468
mlp_1_2_outputs,7,-0.22911201,0.10042772,0.2161835,0.49572706,0.1775261,0.58979034,0.16896035
mlp_1_2_outputs,8,0.20781931,-0.36435467,-0.021019254,0.23736358,0.16539843,-0.00083255355,-0.049056843
mlp_1_2_outputs,9,-0.3842178,-0.19243431,-0.0045801997,0.12017564,-0.039030466,0.12522954,-0.4007434
mlp_1_3_outputs,0,0.3631524,0.24949265,0.29563677,0.40287092,0.2906825,-0.0491522,0.09003999
mlp_1_3_outputs,1,0.23047121,0.20139238,-0.022675497,0.29063413,0.046437453,0.01844413,-0.05292218
mlp_1_3_outputs,10,-0.27089193,-0.11645453,0.29532936,0.153326,-0.013860732,-0.38757214,-0.325374
mlp_1_3_outputs,11,0.4715142,0.6099097,0.24314475,0.64778847,0.318751,0.13276023,0.024137931
mlp_1_3_outputs,12,-0.014496615,0.18827127,0.23985535,0.2625653,0.33488372,-0.29476866,-0.04305874
mlp_1_3_outputs,13,-0.2584864,-0.0643913,-0.31158406,0.057593253,0.0074297003,-0.29842326,0.6010532
mlp_1_3_outputs,14,-0.14713606,-0.047093764,0.31713915,0.4247392,0.21137226,-0.4213083,-0.4867203
mlp_1_3_outputs,15,0.091072,0.15350972,0.049454443,0.28052893,0.045262627,0.07790448,0.11037197
mlp_1_3_outputs,2,-0.42115274,-0.75762314,-0.50682664,-0.3939399,-0.27901724,-0.65717643,1.8527071
mlp_1_3_outputs,3,0.23450933,0.31070265,0.044155583,0.09819893,0.03813801,0.12579636,0.27249014
mlp_1_3_outputs,4,0.34806374,0.42692226,0.28358132,0.43533334,0.2827434,0.10514575,0.29703605
mlp_1_3_outputs,5,0.320109,0.11318065,0.23449503,0.24359776,0.2830625,-0.14695545,0.38339067
mlp_1_3_outputs,6,-0.12170382,0.24501668,0.060300227,-0.0064839274,0.005030066,-0.13427,-0.15685356
mlp_1_3_outputs,7,-0.06379069,0.14930615,-0.18120466,0.35632637,0.19477116,-0.12679403,0.20468664
mlp_1_3_outputs,8,0.3356685,0.26947922,0.28494173,0.1331046,0.12277845,0.3459228,0.22375108
mlp_1_3_outputs,9,0.057251163,0.17402351,0.04124862,0.14249289,0.06857179,-0.35397866,0.24706474
mlp_2_0_outputs,0,-0.25319153,-0.33956224,0.034195527,0.14157604,-0.19782959,-0.18632802,-0.20459285
mlp_2_0_outputs,1,0.13720736,0.1740636,0.2343076,0.051253222,0.025691418,-0.055948902,-0.32822406
mlp_2_0_outputs,10,0.16735642,0.0028539863,-0.6404074,-0.13888897,-0.26931897,-0.37517744,-0.18702285
mlp_2_0_outputs,11,-0.24549605,-0.34919375,-0.21533875,0.08186318,0.27991286,-0.19984266,-0.42960984
mlp_2_0_outputs,12,0.047836754,-0.06418191,-0.008124521,0.074533254,0.048189472,0.09505727,-0.18881114
mlp_2_0_outputs,13,-0.046423763,-0.11612274,-0.07914392,0.16479558,0.2834229,0.32227734,-0.24359141
mlp_2_0_outputs,14,-0.0307563,-0.24244222,-0.21591853,-0.07612474,-0.23279163,-0.018072037,-0.19967118
mlp_2_0_outputs,15,-0.3609955,-0.21772015,-0.76702726,-0.028514866,-0.5037559,0.022872757,-0.44360557
mlp_2_0_outputs,2,0.37459254,-0.052741162,-0.19455467,0.22206336,-0.0324571,1.049654,0.10636855
mlp_2_0_outputs,3,0.16963843,-0.1490254,0.23236082,-0.11433927,0.043537293,0.122799404,-0.2715497
mlp_2_0_outputs,4,-0.07953209,0.16914845,-0.2542275,-0.3336432,0.064814374,-0.060383875,-0.21659425
mlp_2_0_outputs,5,0.08429311,0.054870136,-0.00083281455,0.06721919,-0.19017455,0.0027834526,-0.5610496
mlp_2_0_outputs,6,-0.20331037,-0.079395436,-0.092605434,-0.14072143,-0.6839765,-0.1455452,-0.3696837
mlp_2_0_outputs,7,-0.35619348,-0.091438025,-0.21641311,0.3299111,0.34060597,0.14897399,-0.076559044
mlp_2_0_outputs,8,-0.18464261,-0.19271304,-0.18107624,0.3614382,-0.24946907,-0.16813542,-0.30090445
mlp_2_0_outputs,9,-0.24317522,-0.02874743,-0.18770248,-0.01152047,-0.16404633,0.2460503,-0.38169304
mlp_2_1_outputs,0,0.17559494,0.20102933,0.3047846,0.31605363,0.27123195,0.3359126,-0.5837704
mlp_2_1_outputs,1,-0.006305761,0.018194007,0.111438625,0.12609868,0.07430963,0.27738267,-0.423117
mlp_2_1_outputs,10,-0.22237192,-0.688823,-0.21194743,-0.079278015,0.2669799,-0.576986,-0.59452766
mlp_2_1_outputs,11,-0.2514756,-0.4579526,-0.2626402,0.06846834,-0.35853222,-0.25246868,0.45011356
mlp_2_1_outputs,12,-0.013691321,-0.26235795,-0.119253114,0.05679671,-0.1551026,0.06109455,0.2991899
mlp_2_1_outputs,13,-0.023650747,-0.15472586,0.1805242,0.1547678,-0.16270746,-0.16124746,-0.30531928
mlp_2_1_outputs,14,-0.13087505,0.007763805,0.43033534,0.0422049,-0.0069528488,0.04423556,-0.054333646
mlp_2_1_outputs,15,-0.3810248,-0.23605467,-0.23147191,-0.17958288,-0.2921027,-0.29441214,0.6782799
mlp_2_1_outputs,2,-0.06955967,0.48464948,0.29237214,0.19187932,0.5423663,-0.034836996,-0.2824885
mlp_2_1_outputs,3,-0.4352604,-0.0365203,0.3263883,0.4617034,-0.5354675,-0.23689447,-0.20545395
mlp_2_1_outputs,4,-0.16767283,-0.12642743,-0.08721787,-0.09606014,-0.31291518,0.0006474707,-0.383669
mlp_2_1_outputs,5,-0.05194035,-0.062433623,-0.028912574,0.03319403,-0.002989705,0.1861636,-0.37712646
mlp_2_1_outputs,6,-0.072198965,0.3362387,-0.014268503,0.093692005,0.047347616,-0.0558316,-0.2558046
mlp_2_1_outputs,7,-0.0015860007,-0.1320691,0.107520774,0.19669467,0.09090959,0.07453782,-0.18656152
mlp_2_1_outputs,8,-0.37340128,-0.087086946,0.07670435,0.008046267,-0.03702977,-0.20562631,0.58904564
mlp_2_1_outputs,9,0.07945983,-0.08407678,-0.09480318,-0.1420996,-0.10950149,-0.17862259,-0.08545009
mlp_2_2_outputs,0,0.32889336,-0.02020337,0.5884475,0.19203393,0.34893376,0.15023339,0.0041811215
mlp_2_2_outputs,1,-0.14316104,0.3926578,0.042321034,-0.0032450624,0.19079751,0.060481615,-0.14435796
mlp_2_2_outputs,10,-0.23490128,-0.105126396,-0.04601807,-0.255408,-0.24047758,-0.18696304,-0.28340307
mlp_2_2_outputs,11,0.17374907,-0.057133283,0.23588124,-0.04059183,-0.06704471,0.004407688,-0.23959877
mlp_2_2_outputs,12,-0.031222261,-0.3409271,-0.03767407,-0.2914561,-0.34403017,0.0422443,-0.4537864
mlp_2_2_outputs,13,-0.09191316,-0.31290683,0.055594396,-0.16687025,-0.10408945,0.21051157,-0.6999875
mlp_2_2_outputs,14,0.40614924,-0.0648478,0.29353318,-0.39779964,-0.014808653,0.14093138,-0.42658255
mlp_2_2_outputs,15,-0.2399012,-0.3389061,-0.33634627,-0.41639352,0.045399297,-0.08419683,-0.59448487
mlp_2_2_outputs,2,-0.1339295,-0.18014461,0.0012411168,-0.23484686,-0.12629414,-0.016189588,-0.5455485
mlp_2_2_outputs,3,-0.33668447,-0.35893556,-0.11524813,-0.17266572,0.19105594,-0.25535432,-0.59009707
mlp_2_2_outputs,4,-0.08041709,-0.024384152,0.56888616,0.4162739,0.6725676,0.41023266,-0.13319005
mlp_2_2_outputs,5,-0.05355569,-0.44264492,0.035662718,-0.49650475,-0.050143167,0.049973793,-0.5151142
mlp_2_2_outputs,6,-0.05945557,0.066983804,0.39956966,0.2819912,0.092797264,0.054400295,-0.003069158
mlp_2_2_outputs,7,0.013824495,-0.16524237,0.32840928,-0.14633356,-0.029258942,-0.044851184,-0.15497138
mlp_2_2_outputs,8,-0.234593,-0.051290102,-0.14233282,-0.17408508,-0.0963004,0.19789608,-0.34711906
mlp_2_2_outputs,9,0.054699007,0.17444609,0.44616833,0.096225314,0.275393,0.3463972,-0.16130601
mlp_2_3_outputs,0,-0.12874733,0.16619477,0.6587916,0.20213132,-0.013017285,0.6601936,-0.11891494
mlp_2_3_outputs,1,-0.10330985,0.32061887,0.19128525,-0.20046535,0.16087759,0.008911055,-0.1403164
mlp_2_3_outputs,10,0.2620734,0.365683,0.15188278,0.32440883,-0.20570223,0.11036053,-0.15363468
mlp_2_3_outputs,11,0.06495819,0.0003679055,0.05398551,0.030861646,0.118289344,-0.57211566,-0.18705776
mlp_2_3_outputs,12,0.2738951,0.07484969,-0.196185,0.041963715,0.36372805,0.21760811,-0.14690097
mlp_2_3_outputs,13,0.10048754,0.23790473,0.244352,0.11264603,0.13114265,0.15576133,-0.26741034
mlp_2_3_outputs,14,0.11387328,0.19450992,0.16386393,0.31771448,0.044064615,0.12913631,0.030849054
mlp_2_3_outputs,15,-0.052483194,-0.2271676,-0.15237287,-0.059108447,-0.38754523,-0.08532417,-0.3624526
mlp_2_3_outputs,2,0.27276587,0.017651763,0.68584055,0.29064375,0.19075346,0.020042598,-0.10464619
mlp_2_3_outputs,3,0.0879013,0.24677725,0.21623878,-0.08930518,-0.05703234,0.2259866,0.0063009346
mlp_2_3_outputs,4,-0.31527835,0.16711509,-0.0757972,0.29740298,-0.49968454,-0.39303428,-0.21206453
mlp_2_3_outputs,5,-0.073705345,-0.20819761,-0.14879131,-0.389862,-0.34306562,-0.29064104,-0.50866103
mlp_2_3_outputs,6,0.048645314,-0.10228513,0.025925467,0.024598137,-0.31674308,-0.07867518,-0.54173845
mlp_2_3_outputs,7,-0.28341365,-0.15979905,-0.022525204,-0.09393886,-0.15992022,-0.21985267,-0.29606342
mlp_2_3_outputs,8,0.019949984,0.35803115,0.34165695,0.004742241,0.31653962,-0.12273072,-0.16749537
mlp_2_3_outputs,9,-0.2609108,0.122937955,0.07483749,0.09084968,-0.18856399,0.063617915,0.1433638
num_attn_0_0_outputs,_,0.41370818,0.5486723,0.54927117,0.5154138,0.5169348,-1.1516398,0.50483453
num_attn_0_1_outputs,_,-1.8367219,2.11342,-0.3428338,-1.7054725,-0.68862337,-1.850241,2.6050255
num_attn_0_2_outputs,_,-1.2868302,-1.7620598,0.92170745,-1.6495789,4.7639194,0.3525771,-1.6560731
num_attn_0_3_outputs,_,0.4972711,2.612733,-0.3748047,0.29376552,-0.7183711,0.6277906,-2.0653267
num_attn_0_4_outputs,_,4.3580036,-1.9536395,-1.7194754,-1.8610637,-1.995217,-1.8995354,2.7563984
num_attn_0_5_outputs,_,-0.74620533,0.5568799,-3.774765,-0.94765025,-1.0932691,3.4269173,2.3502364
num_attn_0_6_outputs,_,0.54167634,-0.7859492,3.7327375,0.7588748,-1.4871628,-3.4769638,-2.0543492
num_attn_0_7_outputs,_,-1.7170478,-1.9588729,-1.7174972,4.2291856,-1.9875646,-1.9744309,3.8455193
num_attn_1_0_outputs,_,-1.4304068,0.4297429,0.6129019,0.3180339,0.45290294,0.5670596,0.22770166
num_attn_1_1_outputs,_,0.39273077,0.38117716,0.90706664,0.4229792,0.48225126,1.0242535,-1.2795398
num_attn_1_2_outputs,_,-0.22513133,-1.3180451,-0.2002155,0.7325516,-0.15320057,-0.16920681,0.23277883
num_attn_1_3_outputs,_,-0.0362426,-0.05952297,-0.10346422,-0.98759204,-0.019637085,-0.12515236,-0.17783718
num_attn_1_4_outputs,_,0.5011399,0.5809717,-1.8905988,0.6109176,0.47245038,0.5617785,0.1367641
num_attn_1_5_outputs,_,-0.16577673,0.14728814,0.14926757,0.1396514,0.5251833,0.1469724,0.5124995
num_attn_1_6_outputs,_,-0.102355495,-0.7198654,-0.055052117,-0.08431464,-0.08743233,-0.06895795,0.075530715
num_attn_1_7_outputs,_,-0.1425365,0.057826594,0.07533347,0.32246378,-0.0059490805,0.06311815,-0.12050581
num_attn_2_0_outputs,_,-0.0918409,-0.08865763,-0.09369497,-0.1007662,-0.10243022,-0.2941953,0.072300635
num_attn_2_1_outputs,_,-0.15977167,-0.20562607,-1.1675394,-0.11671185,-0.15515639,-0.1719932,0.18331803
num_attn_2_2_outputs,_,0.2528316,0.48189342,0.304448,0.30355152,0.36645046,0.31364977,-1.6003785
num_attn_2_3_outputs,_,0.14805892,0.09201135,0.104395986,0.043091208,0.12551057,0.16111577,0.27090162
num_attn_2_4_outputs,_,0.25308284,0.3317123,0.30791306,0.3514954,-0.6615945,0.34384224,1.036496
num_attn_2_5_outputs,_,-0.15242957,-0.039792933,0.0013802571,-0.08018532,-0.3579688,0.0010278705,0.5282649
num_attn_2_6_outputs,_,0.20548068,0.34947163,0.5027615,-1.4699928,0.3383563,0.49639133,0.27581617
num_attn_2_7_outputs,_,-0.13462901,-0.15715985,-0.33900613,0.07854231,-0.29978412,-0.27257428,-0.18130986
num_mlp_0_0_outputs,0,0.6649005,0.07567852,0.48588768,0.16688675,-0.06615974,0.18526196,-0.038025577
num_mlp_0_0_outputs,1,0.19479825,-0.061431564,0.16493015,0.4305356,-0.009133333,0.5699175,-0.2609698
num_mlp_0_0_outputs,10,-0.039148863,-0.27684245,0.12014174,-0.09916364,0.03904123,0.042134523,-0.19961177
num_mlp_0_0_outputs,11,0.31995487,0.08803285,0.15899602,0.15566914,0.2074053,0.23670545,-0.21361546
num_mlp_0_0_outputs,12,0.24156673,-0.13515301,-0.07264778,-0.05667525,0.24515831,-0.027353384,-0.5415625
num_mlp_0_0_outputs,13,0.2502483,-0.033162683,0.41205907,0.20031455,0.14987543,0.15810266,-0.12112432
num_mlp_0_0_outputs,14,-0.010876141,-0.16180244,0.18074954,0.10632441,0.035771944,-0.06456998,-0.2443776
num_mlp_0_0_outputs,15,0.028752787,-0.46663067,0.21233217,0.19483556,-0.087220415,-0.08340478,0.021841673
num_mlp_0_0_outputs,2,-0.092456006,-0.17918628,0.2956792,0.14923565,0.18448493,-0.22283138,-0.09908819
num_mlp_0_0_outputs,3,0.4073633,0.31913868,-0.061520804,0.17746565,0.21552637,0.32700557,-0.11783885
num_mlp_0_0_outputs,4,0.30255726,-0.4755419,0.27397624,-0.27176553,-0.32542795,0.32681704,-0.55888677
num_mlp_0_0_outputs,5,0.66357195,-0.023034854,0.40338963,0.21555415,0.0202189,0.12331491,-0.20879234
num_mlp_0_0_outputs,6,0.12880598,-0.25303894,-0.21632943,0.09214298,-0.15844065,-0.09489294,-0.11443815
num_mlp_0_0_outputs,7,0.5332121,0.086916424,0.10353669,0.05410169,0.2462778,-0.09015288,-0.06526501
num_mlp_0_0_outputs,8,-0.119630665,-0.11508852,0.07632741,-0.20528999,0.08991518,-0.29649097,-0.2634684
num_mlp_0_0_outputs,9,0.22728173,0.2988098,0.027273828,-0.024000475,-0.21338892,0.44881925,-0.13961448
num_mlp_0_1_outputs,0,0.32051536,0.23930298,0.040384255,0.50969803,0.037151918,0.04776223,-0.11158106
num_mlp_0_1_outputs,1,0.03406894,0.012676596,0.14506006,-0.28958252,-0.08110154,0.091681264,-0.18382205
num_mlp_0_1_outputs,10,0.10528434,0.23421273,0.15236701,-0.043056317,0.07909934,0.10525074,-0.25290006
num_mlp_0_1_outputs,11,0.178883,-0.10714035,-0.15364581,-0.13220267,-0.1490428,0.5021329,-0.556418
num_mlp_0_1_outputs,12,0.22799903,0.32689118,0.08698308,0.2030565,0.016183557,0.5569581,-0.22251645
num_mlp_0_1_outputs,13,-0.11602239,0.16640231,-0.1335124,-0.15811168,-0.3058961,-0.09924001,-0.13283217
num_mlp_0_1_outputs,14,0.021095669,0.2849434,0.22851986,-0.25384498,0.3714069,0.3308695,-0.1936277
num_mlp_0_1_outputs,15,-0.22198986,0.23454104,-0.1060411,0.19429761,0.3812794,0.52508944,-0.12983172
num_mlp_0_1_outputs,2,0.15558015,0.46558905,0.12298214,-0.044130005,0.017776873,-0.058870547,-0.09939229
num_mlp_0_1_outputs,3,0.36889288,0.065067545,0.462914,0.23491849,0.1487894,0.25067624,0.06880491
num_mlp_0_1_outputs,4,0.006031348,0.14061776,0.13616598,-0.11065205,-0.13757733,0.12950397,-0.27279952
num_mlp_0_1_outputs,5,-0.03145086,-0.123605736,-0.03736539,-0.047338493,0.036961902,0.17371836,-0.08213243
num_mlp_0_1_outputs,6,0.02023055,-0.023703637,-0.22163644,-0.19322956,0.20565583,0.46824238,-0.19305335
num_mlp_0_1_outputs,7,0.5088619,0.14608161,0.1088613,-0.079154626,0.07609939,0.21466574,0.07657748
num_mlp_0_1_outputs,8,-0.115315616,0.16811103,0.059768774,-0.38135913,-0.22559623,-0.22433351,-0.35995027
num_mlp_0_1_outputs,9,0.0070256544,-0.05025404,-0.023643658,-0.027884705,-0.25621623,0.3010589,-0.19705017
num_mlp_0_2_outputs,0,0.38482338,0.44443712,0.04263478,0.24253872,0.19374335,0.4777831,-0.40526256
num_mlp_0_2_outputs,1,0.08168981,0.3896801,-0.13918753,-0.2785321,0.105559446,0.19233413,-0.416837
num_mlp_0_2_outputs,10,-0.01715653,0.13381399,0.0963577,-0.043423567,0.24160956,0.17695777,-0.46114203
num_mlp_0_2_outputs,11,0.26011366,-0.050020956,-0.0066260365,-0.11130694,0.2581802,0.013386345,-0.18243974
num_mlp_0_2_outputs,12,0.29672566,-0.17201295,-0.35492072,-0.32004547,-0.12933175,0.25752413,0.034878433
num_mlp_0_2_outputs,13,-0.12870942,-0.11367773,-0.21586074,0.052824777,0.037844766,0.33450198,-0.41251448
num_mlp_0_2_outputs,14,-0.32784724,0.22661269,0.15008909,0.25848067,0.43965927,0.4257825,-0.028095579
num_mlp_0_2_outputs,15,0.13804388,0.1714261,-0.000575718,0.03707793,0.20222667,0.2609164,-0.24795952
num_mlp_0_2_outputs,2,-0.1721746,-0.1531845,-0.38734296,-0.00376454,-0.06167911,0.15972413,-0.39946818
num_mlp_0_2_outputs,3,0.46792397,0.058729492,-0.075156815,0.2926359,0.12915689,0.30787253,-0.13992713
num_mlp_0_2_outputs,4,0.14425723,-0.031985268,-0.11450069,0.056864567,-0.13408999,0.36099127,-0.36154044
num_mlp_0_2_outputs,5,0.32949424,0.04829493,0.093588516,0.055783473,0.067787506,-0.09358518,-0.08361767
num_mlp_0_2_outputs,6,-0.15044563,-0.35508287,-0.4011083,-0.3237716,0.15999302,-0.14938809,-0.29665104
num_mlp_0_2_outputs,7,0.035487175,0.5962337,-0.05449669,-0.21266977,0.01717534,0.20566553,0.06589496
num_mlp_0_2_outputs,8,-0.2585327,0.06620753,-0.40675262,0.33841082,-0.43054995,0.4377352,-0.22219723
num_mlp_0_2_outputs,9,-0.16256607,0.0017088625,0.015487912,-0.083147965,-0.014316383,0.4617765,-0.31667206
num_mlp_0_3_outputs,0,-0.2720104,0.6918965,0.119010635,0.12970413,0.13747732,0.24927835,-1.2926733
num_mlp_0_3_outputs,1,-0.13991112,0.24862899,0.04703311,0.20988677,0.24012,0.33442613,-0.20509925
num_mlp_0_3_outputs,10,0.2199697,0.10496678,-0.23420426,0.13369754,0.13913971,0.4050224,-0.19237886
num_mlp_0_3_outputs,11,-0.26797208,0.04578872,-0.06677386,0.07491997,0.14264174,0.16504607,-0.15016398
num_mlp_0_3_outputs,12,-0.077512965,0.35576183,-0.055303413,0.011962856,0.468675,0.49013385,0.12945428
num_mlp_0_3_outputs,13,-0.43775797,-0.1492933,-0.28886753,-0.056857593,0.044199966,-0.40722272,-0.48700824
num_mlp_0_3_outputs,14,-0.24077128,0.116683476,-0.009462365,0.20474346,0.15006827,0.5502156,-0.052327942
num_mlp_0_3_outputs,15,-0.30270892,0.20825209,-0.08211388,0.23572257,0.077528566,0.09166152,-0.38633275
num_mlp_0_3_outputs,2,0.1927564,0.022420641,0.09320702,-0.14866054,0.025922237,0.13380723,-0.16824275
num_mlp_0_3_outputs,3,-0.22444743,0.039663617,-0.13577197,-0.025540035,0.018117672,0.2918706,-0.5377234
num_mlp_0_3_outputs,4,-0.1508027,-0.13961767,-0.19819726,-0.05861325,-0.17307784,0.018714592,-0.2728094
num_mlp_0_3_outputs,5,-0.2609548,0.39302567,0.16394146,0.40443,0.5250733,0.38417712,0.24777338
num_mlp_0_3_outputs,6,0.04830377,0.2733379,0.1266246,0.2922051,-0.019902421,0.28874126,-0.25610992
num_mlp_0_3_outputs,7,-0.23676428,0.2526201,-0.28490263,0.5473588,0.38092443,0.3553091,0.031728536
num_mlp_0_3_outputs,8,-0.18806316,0.09938961,-0.0067835385,0.110252135,0.1474128,0.19831769,-0.2905445
num_mlp_0_3_outputs,9,0.18776996,0.24561787,0.24172118,0.33389086,0.40607625,-2.5885391,0.02852232
num_mlp_1_0_outputs,0,-0.59629905,0.3564557,-0.10175439,0.92580336,0.29691753,-0.47996,1.4139496
num_mlp_1_0_outputs,1,-0.04674492,0.3111883,0.1443646,0.58399945,0.3588602,-0.45001474,0.13296364
num_mlp_1_0_outputs,10,0.20144252,0.1696582,-0.19441068,0.332764,0.2835419,-0.07962243,-0.1434206
num_mlp_1_0_outputs,11,-0.34418648,0.05326542,-0.2026731,0.4932928,0.047601033,-0.031723384,-0.15849079
num_mlp_1_0_outputs,12,0.115125135,-0.17973715,-0.23571739,0.49175245,0.13687442,0.08365,-0.1296793
num_mlp_1_0_outputs,13,-0.025098354,-0.07762587,0.12152594,0.14551535,0.11075572,0.3277431,-1.3080194
num_mlp_1_0_outputs,14,-0.18566847,0.54040176,0.09158679,0.3872248,0.06016679,0.10740783,-2.1832056
num_mlp_1_0_outputs,15,0.14774051,0.22334471,0.14931935,0.5376044,0.41647217,0.23261783,-0.74425477
num_mlp_1_0_outputs,2,0.17855494,0.041514356,-0.21238929,0.41292343,-0.10811892,0.0230121,-0.063684404
num_mlp_1_0_outputs,3,0.017562835,-0.09190699,-0.3683874,0.014562233,0.27331463,-0.16287684,-0.22808331
num_mlp_1_0_outputs,4,-0.046500362,0.16871114,-0.079960935,0.7856965,0.17773537,0.35369626,0.13574493
num_mlp_1_0_outputs,5,0.19028348,0.30915967,0.14391154,0.050901093,0.21043828,-0.17117245,0.07834826
num_mlp_1_0_outputs,6,-0.17173831,-0.5130323,-0.24001642,-0.038891513,-0.18743736,-0.12932235,-1.3084085
num_mlp_1_0_outputs,7,0.18989348,0.23188506,-0.11063165,0.45347103,0.31370404,-0.04187179,0.1972596
num_mlp_1_0_outputs,8,0.28036734,-0.02499484,-0.18049692,0.106597096,-0.14789444,-0.41600373,-0.14438584
num_mlp_1_0_outputs,9,-0.111034565,-0.09909109,-0.11826649,0.33410397,0.24334334,0.01395304,-0.9050366
num_mlp_1_1_outputs,0,0.36004293,0.003449525,-0.20124678,0.2539032,-0.07082628,-0.090903774,-0.07878224
num_mlp_1_1_outputs,1,0.25852868,0.11036115,0.45105198,0.9221262,-0.08826839,-0.04538977,-0.23626101
num_mlp_1_1_outputs,10,-0.3193483,-0.113188826,0.12190943,-0.2775282,-0.14994083,-0.27001205,-0.39872587
num_mlp_1_1_outputs,11,-0.47489843,-0.010966107,0.12359875,0.066863045,-0.17874192,-0.0993316,-0.21997684
num_mlp_1_1_outputs,12,-0.09123113,-0.024618091,-0.03183756,0.010978582,-0.008288625,-0.29406324,-0.21564612
num_mlp_1_1_outputs,13,0.06753118,0.235049,0.13559021,-0.14335935,-0.120414756,-0.17698292,-0.13928747
num_mlp_1_1_outputs,14,-0.22278063,0.117981315,-0.14688386,0.09772439,0.14069971,-0.25817847,-0.49860764
num_mlp_1_1_outputs,15,0.101003245,0.045791592,0.14491011,0.076327,0.046276674,0.048545115,-0.1881718
num_mlp_1_1_outputs,2,-0.34181973,0.15384495,0.16134344,0.00892901,-0.059348296,0.3652243,-0.09089371
num_mlp_1_1_outputs,3,-0.1067033,-0.09634896,-0.16464195,0.06327678,-0.0022546651,-0.20410357,-0.42289662
num_mlp_1_1_outputs,4,0.45797402,-0.019519491,0.41787863,0.5227781,0.23259363,0.516267,0.10159552
num_mlp_1_1_outputs,5,-0.2286747,0.39525193,0.33717003,-0.113883816,0.057410788,0.34773692,-0.15035816
num_mlp_1_1_outputs,6,0.21717893,0.25960886,0.12627329,0.20510426,0.20609026,0.14931867,-0.2897438
num_mlp_1_1_outputs,7,0.066409916,0.055126764,-0.02333428,0.323377,0.18211612,0.14193358,-0.14017859
num_mlp_1_1_outputs,8,0.097795986,-0.07715278,0.20302883,0.10012583,0.17970975,-0.062270824,-0.25984988
num_mlp_1_1_outputs,9,0.21679148,0.337517,0.05386967,-0.020629257,0.27476832,0.010911455,0.09262689
num_mlp_1_2_outputs,0,0.15749659,0.14833303,0.07434172,0.11492191,-0.021589156,0.35172465,-0.03921444
num_mlp_1_2_outputs,1,0.27318054,-0.3369228,-0.16370429,-0.17824754,0.01999726,0.103678286,-0.120733514
num_mlp_1_2_outputs,10,0.03898332,0.09515803,-0.16079593,0.19071846,-0.16485439,0.7522989,0.2020335
num_mlp_1_2_outputs,11,0.07113084,-0.11801403,0.20139553,0.102670714,0.13520901,0.43049467,-0.08332638
num_mlp_1_2_outputs,12,0.3826872,-0.17798015,0.36569992,0.098242976,-0.19302058,-0.17410025,-0.21256442
num_mlp_1_2_outputs,13,-0.039280266,-0.22890103,-0.014935881,-0.18880503,-0.55772275,0.26724786,-0.07871794
num_mlp_1_2_outputs,14,-0.097596616,-0.00564761,0.26904428,-0.12957844,0.26704204,-0.26377866,-0.26341546
num_mlp_1_2_outputs,15,0.06970922,-0.20165607,-0.11415323,0.21354622,-0.011045634,-0.156931,-0.13339318
num_mlp_1_2_outputs,2,0.072887294,0.21827422,0.27710938,0.24573125,0.41538233,0.53764534,0.28703928
num_mlp_1_2_outputs,3,0.38833976,-0.02444407,0.060103245,0.60275847,-0.15509588,0.3443165,0.13377388
num_mlp_1_2_outputs,4,0.2903965,0.010364793,0.19304158,0.15150714,0.64043087,0.40028903,0.20409776
num_mlp_1_2_outputs,5,0.29644045,-0.10882083,-0.2688089,0.22873236,0.4035534,0.00843833,-0.2786548
num_mlp_1_2_outputs,6,-0.04158888,-0.27221704,-0.018214116,-0.28236982,-0.21721852,0.47308,-0.2258203
num_mlp_1_2_outputs,7,-0.09817011,-0.21208373,-0.0049727187,-0.12719463,-0.15795806,-0.083441466,-0.33950904
num_mlp_1_2_outputs,8,0.40500736,0.0018169293,0.046930723,0.030845502,-0.05097786,0.28454334,0.071051195
num_mlp_1_2_outputs,9,0.08054501,0.04522609,0.06645466,0.0037272738,-0.059998218,0.07471728,-0.40624496
num_mlp_1_3_outputs,0,-0.1741092,0.06611255,-0.14446378,-0.1279192,-0.4128342,-0.10183139,-0.3940237
num_mlp_1_3_outputs,1,0.5547332,-0.08124294,-0.29893357,-0.05619458,-0.0065775826,0.27174547,-0.05416617
num_mlp_1_3_outputs,10,0.16485287,0.3806787,0.2404444,-0.08151841,-0.12269518,0.1412679,-0.3771388
num_mlp_1_3_outputs,11,0.09181005,0.056648787,0.118791856,-0.24347232,0.07456342,0.1963694,-0.091929495
num_mlp_1_3_outputs,12,0.114502706,-0.08083422,0.00037867457,-0.00818357,-0.26898038,0.09527034,0.16471481
num_mlp_1_3_outputs,13,-0.078420326,0.21123241,-0.12828684,-0.025042672,0.09998764,-0.022985987,-0.1469501
num_mlp_1_3_outputs,14,0.13039145,0.14844349,0.036624268,-0.033636447,0.393676,0.3065577,0.15267065
num_mlp_1_3_outputs,15,0.1624893,-0.021274067,0.048836663,-0.04915737,-0.05492639,0.12130101,-0.30058557
num_mlp_1_3_outputs,2,0.23441643,0.115048975,0.02217049,0.066837296,-0.2014227,0.2874713,-0.18313526
num_mlp_1_3_outputs,3,0.38685724,0.15519288,0.2983233,-0.04894677,0.007810585,0.08739558,0.13550818
num_mlp_1_3_outputs,4,-0.34922478,0.23520067,0.107417844,0.001927926,0.13020481,0.20503087,0.8549918
num_mlp_1_3_outputs,5,-0.06721461,0.359554,-0.24349114,-0.12791185,-0.134037,0.42629042,-0.06179293
num_mlp_1_3_outputs,6,0.055248454,-0.10585143,0.14411253,-0.037769325,-0.1476731,-0.09747241,-0.09154706
num_mlp_1_3_outputs,7,0.037089426,-0.20815733,-0.30465695,-0.19259274,-0.4974809,0.062742054,-0.2571462
num_mlp_1_3_outputs,8,-0.019330334,-0.056463268,0.15755858,-0.3230728,-0.12208963,0.16031392,-0.23403129
num_mlp_1_3_outputs,9,0.18878973,-0.17710342,0.002640208,0.049297687,-0.015238004,0.14528897,0.034002103
num_mlp_2_0_outputs,0,-0.09047828,0.081990674,-0.1322685,0.1318982,0.26854753,-0.15192601,-0.2253626
num_mlp_2_0_outputs,1,0.44168255,0.23266926,-0.17902128,-0.28196406,0.38533992,-0.097340666,-0.03775338
num_mlp_2_0_outputs,10,0.20498405,-0.014087498,0.04832546,0.1645591,0.061177216,0.25260758,-0.19060664
num_mlp_2_0_outputs,11,0.39071935,0.35089174,0.039691214,0.18473405,0.4175703,0.262831,-0.11251362
num_mlp_2_0_outputs,12,0.27225673,0.07266006,-0.12790558,0.1839651,0.44250503,0.23047078,-0.18955451
num_mlp_2_0_outputs,13,0.09022867,0.04036162,-0.10186499,0.07376149,0.20143792,-0.05239543,-0.56724095
num_mlp_2_0_outputs,14,-0.03291635,0.13686462,-0.22403847,-0.08964243,0.23885211,0.09386179,-0.2119251
num_mlp_2_0_outputs,15,0.37162593,0.14439163,0.45710027,0.47164783,0.6391317,0.1646428,0.12969008
num_mlp_2_0_outputs,2,-0.2144709,-0.11964814,0.15257722,0.089899465,-0.31963375,-0.34377798,-0.1627526
num_mlp_2_0_outputs,3,0.3108657,-0.12273913,-0.6700159,0.12355458,0.3259475,0.18898799,0.065278
num_mlp_2_0_outputs,4,0.42258093,0.18423437,0.082100615,0.4481362,0.42841712,0.24770783,0.032489408
num_mlp_2_0_outputs,5,0.036828257,-0.03805214,-0.32784197,0.066605665,0.14859906,0.247308,-0.19217311
num_mlp_2_0_outputs,6,-0.0029158024,0.20651789,0.2623437,-0.0722901,0.39276376,0.41785622,-0.063289665
num_mlp_2_0_outputs,7,0.018330384,0.095297605,-0.16543862,0.15829995,-0.0937232,-0.114568464,-0.35311
num_mlp_2_0_outputs,8,0.13080789,-0.14157376,-0.16980742,0.32723653,0.25865266,0.14129172,-0.21143492
num_mlp_2_0_outputs,9,-0.01781829,-0.07026023,1.242631,-0.12977113,0.0383319,-0.06470919,0.51958984
num_mlp_2_1_outputs,0,0.1309157,0.2805252,0.25986388,0.33375052,0.103157505,0.39997226,-0.024300896
num_mlp_2_1_outputs,1,-0.38691226,0.23478587,-0.05627059,0.061909206,-0.4194227,0.44955418,-0.2618866
num_mlp_2_1_outputs,10,-0.16632807,0.14468889,0.111049324,0.60596114,0.07582383,0.40016466,0.024391448
num_mlp_2_1_outputs,11,0.18985388,-0.15200935,0.077827014,0.106545605,-0.27455997,0.27562636,-0.2572404
num_mlp_2_1_outputs,12,-0.05260219,-0.021490153,0.092787236,0.25652802,0.21517329,0.22818214,-0.2763172
num_mlp_2_1_outputs,13,-0.15681866,-0.2752562,-0.45771784,-0.16223454,-0.14600419,-0.18448643,-0.15039489
num_mlp_2_1_outputs,14,-0.6352407,-0.22979328,0.0010201297,-0.13342115,-0.07004459,-0.41797012,-0.30674317
num_mlp_2_1_outputs,15,-0.018368399,0.2270369,-0.02565416,0.10811524,-0.09271837,0.6161758,-0.187992
num_mlp_2_1_outputs,2,-0.08968867,0.33470407,0.175222,-0.047556903,-0.7069529,-0.2688827,-0.35760874
num_mlp_2_1_outputs,3,0.32859033,0.19278362,0.46497792,0.26493764,-0.088989675,0.46298265,0.30138505
num_mlp_2_1_outputs,4,-0.28442764,-0.14436676,-0.05727685,0.11254865,-0.13403875,0.10979836,-0.3582123
num_mlp_2_1_outputs,5,-0.15714474,-0.0777561,-0.07091728,0.52811396,0.17236911,-0.08386768,0.0017311765
num_mlp_2_1_outputs,6,0.007758314,0.18824762,0.20126915,0.47220278,0.12198817,0.20872827,-0.12222973
num_mlp_2_1_outputs,7,0.17729399,0.17704262,0.16880505,0.0037012207,-0.34132183,0.09180467,-0.23502733
num_mlp_2_1_outputs,8,-0.32380238,-0.037020635,0.27441868,0.15075523,0.0062452066,0.6698602,-0.3478493
num_mlp_2_1_outputs,9,-0.012662074,-0.1178955,-0.20328435,0.13979186,-0.073328346,0.15934707,-0.47794074
num_mlp_2_2_outputs,0,0.06721551,0.18065216,0.059074942,0.13518295,0.44480222,0.16179065,0.45410013
num_mlp_2_2_outputs,1,-0.09075539,-0.26841757,0.41825145,0.2313748,0.6569009,0.17186429,0.27161318
num_mlp_2_2_outputs,10,-0.09107147,0.121659875,0.20328134,0.22998667,0.32319477,0.5979545,-0.21140705
num_mlp_2_2_outputs,11,0.3448097,-0.14971738,-1.1112776,0.21415564,0.5478383,0.03591671,2.2000365
num_mlp_2_2_outputs,12,0.012005916,-0.2360485,0.31206697,0.07560961,0.30318958,-0.13868207,-0.4184254
num_mlp_2_2_outputs,13,-0.048489366,-0.36151224,-0.19902575,-0.06383116,0.007929249,-0.4912754,-0.40746027
num_mlp_2_2_outputs,14,-0.04982433,-0.21564573,0.10344111,-0.30468923,-0.013642923,-0.005592637,-0.4489147
num_mlp_2_2_outputs,15,0.2182049,-0.4522442,0.3854417,0.68436086,0.06512007,-0.5862206,0.37821504
num_mlp_2_2_outputs,2,0.012834157,-0.3221457,-0.32128492,-0.17283948,-0.2931208,-0.4726142,0.0033248705
num_mlp_2_2_outputs,3,-0.005243148,-0.10399724,0.4084792,0.026086614,0.15512377,-0.031055558,-1.4942915
num_mlp_2_2_outputs,4,-0.16962704,-0.3116377,0.2550369,0.003192756,0.100361474,0.13227902,-0.5562445
num_mlp_2_2_outputs,5,-0.19971393,-0.05649189,-0.13534391,-0.23065715,-0.2550679,-0.57158077,-0.27109218
num_mlp_2_2_outputs,6,-0.08488672,-0.23426747,0.23740336,-0.3963084,-0.019987369,-0.39965352,-0.2991136
num_mlp_2_2_outputs,7,0.01621754,-0.358739,0.17082997,-0.0614828,0.30290556,-0.061097052,-0.50023276
num_mlp_2_2_outputs,8,-0.38200417,0.019687576,0.21713656,0.042002935,-0.02395413,-0.345815,-0.61122435
num_mlp_2_2_outputs,9,-0.028000774,-0.20868893,0.15306479,0.044146717,0.31592962,-0.32453182,-0.40810642
num_mlp_2_3_outputs,0,0.16114031,0.5271271,-0.08673187,0.038196664,-0.2426754,0.043896865,-0.45984003
num_mlp_2_3_outputs,1,-0.17713264,0.084318765,-0.12402869,-0.023717009,-0.6450952,-0.24351723,-0.8200777
num_mlp_2_3_outputs,10,0.106704436,0.33067158,-0.051417086,0.08457293,0.048277598,-0.17367159,-0.3654333
num_mlp_2_3_outputs,11,0.20976698,0.22120325,-0.33332592,0.18064678,0.018213809,-0.20257983,-0.59888566
num_mlp_2_3_outputs,12,-0.34167248,0.32352135,0.26441175,-0.0017208232,0.23894776,0.72695357,-0.3587149
num_mlp_2_3_outputs,13,0.36417025,-1.474822,0.26755974,0.5013338,0.10594977,0.15030494,0.46834436
num_mlp_2_3_outputs,14,-0.05631221,0.21079154,-0.06807545,-0.16127522,-0.22790042,-0.17616203,0.044156373
num_mlp_2_3_outputs,15,0.21127306,-0.34517407,0.1218398,0.112844855,0.0117129,0.12261357,-0.53982764
num_mlp_2_3_outputs,2,-0.07813727,0.3776157,0.06333932,0.02947855,-0.036738336,0.22593014,-0.7213702
num_mlp_2_3_outputs,3,-0.065229796,0.23484734,0.078439556,-0.09688772,0.045396525,0.047149036,-0.5682464
num_mlp_2_3_outputs,4,0.4842477,-3.580851,0.49601296,0.63540083,0.38916004,0.22728236,0.47683805
num_mlp_2_3_outputs,5,0.11091149,-0.4764533,0.39783505,0.091490366,0.23916,0.22008805,-0.46517974
num_mlp_2_3_outputs,6,-0.21352704,-0.081333674,-0.039718337,-0.10080573,-0.20965937,-0.1484788,-0.6568224
num_mlp_2_3_outputs,7,0.019645533,0.27931386,0.37303877,0.7011408,-0.023704631,0.48772895,-0.30956477
num_mlp_2_3_outputs,8,0.010179035,-0.23313902,0.17757428,-0.04434626,-0.19262458,0.007549597,-0.66366124
num_mlp_2_3_outputs,9,-0.08069812,-0.43666336,-0.14352189,-0.24418262,-0.2681902,-0.1375259,2.522819
ones,_,0.46604067,0.06593275,-0.3543291,-0.08413367,-0.08297235,0.15468699,-0.13674963
positions,0,0.07596083,-0.18573138,0.34064016,-0.11837405,-0.0038734176,-0.2350996,0.9071517
positions,1,4.354249,3.5465667,5.5059514,1.0876056,3.644331,1.2362981,-22.12647
positions,10,-9.618494,-6.9087114,-2.3774693,-8.937513,-3.3759313,-10.252235,10.26855
positions,11,-4.3848963,-6.382977,-4.2002344,-8.7839575,-3.5210533,-3.621358,6.943347
positions,12,-11.4072275,-8.633664,-1.6153688,-6.6887846,-2.6188297,-6.87632,7.7787185
positions,13,-6.6679287,-2.7502382,-1.4623435,-7.4458184,-2.5450628,-4.0830255,4.792718
positions,14,-11.509182,-3.2675645,-3.0337925,-13.764217,-3.4597285,-13.858258,12.815533
positions,15,-6.4686937,-2.3907812,-2.1955264,-8.272756,-1.7573885,-6.5966487,6.6063557
positions,2,2.622367,2.6368024,1.61374,2.622937,2.1181896,2.8177152,-15.14811
positions,3,0.60267836,-0.17570923,-0.4505226,1.3058149,1.2151417,1.3404092,3.05197
positions,4,3.386605,2.1594396,-1.9334708,1.6987275,-2.1525054,1.1166172,-2.1390092
positions,5,-1.5781587,-2.1329048,1.7253938,2.787159,-0.21372376,-1.2785047,0.6000571
positions,6,-5.027962,-2.8909147,-0.88832706,-7.2668104,-0.095727436,-2.579859,9.168526
positions,7,-7.555851,-6.435835,-2.385465,-7.7537503,-2.9899948,-6.1501937,6.7944922
positions,8,-5.116242,-3.257497,-1.835717,-5.8588953,-3.855534,-3.837525,5.780744
positions,9,-4.7509165,-6.994332,-1.6793793,-7.097114,-3.0709782,-4.19363,5.1447463
tokens,0,0.55357593,0.25366074,0.086520724,-0.009050785,0.3282283,-1.6873841,2.7600982
tokens,1,-0.09224931,0.7389988,-0.23563063,-0.21370195,0.08500963,-1.9957834,3.1815429
tokens,2,-0.15651855,0.082690544,0.44441265,-0.25857088,0.059861936,-1.9716071,3.23336
tokens,3,0.07663766,0.18467472,-0.051781524,0.22961782,0.10081137,-1.8752407,3.040823
tokens,4,0.43066576,0.6125853,0.3561475,0.22026548,1.3196931,-1.535045,1.7524505
tokens,5,-0.5274362,-1.199577,-0.49225354,-0.5015472,-0.28910828,6.202715,-16.086657
tokens,<pad>,-0.014852363,-0.014163836,0.58612245,0.3180901,0.66434985,0.42299166,0.6500065
tokens,<s>,0.2685564,0.68992805,0.0064130733,0.32257256,0.23355937,-0.6921356,-0.32520518
tokens,_,0.14364785,0.014418726,0.390342,0.30181625,0.0806631,0.07979988,-0.065198965
tokens,_,-0.56744546,-0.063434325,0.5965452,0.70999646,0.2189518,-0.41130847,-0.2969276
tokens,_,0.5713704,0.22426938,0.39667803,0.9982833,-0.14115384,0.66667014,-0.32698277
tokens,_,-0.5667869,-0.435514,0.3066173,0.15755536,0.057777595,0.36828992,-0.5451431
tokens,_,-0.15844142,0.51657516,0.63247615,-0.14821953,0.49506092,0.026784496,-0.35174468
tokens,_,0.43583512,0.33302107,-0.1182533,0.23714927,0.32075876,-0.384538,-0.38691497
tokens,_,0.4745833,0.19190688,0.6949465,-0.27184024,1.0219872,-0.2234589,0.38367757
tokens,_,-0.28783306,-0.16467395,0.41230482,0.5572736,0.39436412,0.6667877,-0.32379454
