feature,value,0,1,2,3,4
attn_0_0_outputs,0,1.3274829,0.07058758,0.15269546,0.014088882,-0.080580525
attn_0_0_outputs,1,0.17540371,1.2153605,0.2968811,0.11960711,-0.07552534
attn_0_0_outputs,2,-0.20315859,-0.17835605,1.1323924,-0.14702441,-0.26245242
attn_0_0_outputs,3,-0.3322979,-0.45040753,-0.22477376,0.66048604,-0.4963028
attn_0_0_outputs,4,0.07485666,-0.07371499,0.0973615,-0.00988389,0.77268475
attn_0_0_outputs,</s>,0.2390565,0.013371973,0.20919178,0.43860212,-0.17985116
attn_0_0_outputs,<pad>,0.40086308,0.7985284,0.6409014,-0.0681764,-0.25529268
attn_0_0_outputs,<s>,0.08633256,-0.42731205,0.044789623,0.028880581,-0.24199179
attn_0_0_outputs,_,0.013711306,0.15799153,0.41187486,-0.20682122,0.44186127
attn_0_0_outputs,_,-0.33737347,0.70308834,0.8754586,0.22553697,0.571357
attn_0_0_outputs,_,-0.13606061,-0.19580907,0.8275042,0.107587606,0.50395554
attn_0_0_outputs,_,0.015107457,0.4578928,0.32168877,0.11637612,0.5393327
attn_0_0_outputs,_,0.27223888,-0.32203117,0.71203554,0.38271743,0.3149878
attn_0_0_outputs,_,0.8533836,0.14314087,0.13847375,0.5205571,-0.26918402
attn_0_0_outputs,_,0.3968564,0.09564251,0.44659346,-0.25375155,0.07480758
attn_0_0_outputs,_,0.5418204,-0.63345885,0.014567239,0.03740112,-0.46989703
attn_0_1_outputs,0,0.7032901,-0.42551497,-0.3458049,-0.35109243,-0.2724161
attn_0_1_outputs,1,-0.33967787,0.30405968,-0.6934856,-0.6050205,-0.49663898
attn_0_1_outputs,2,0.17836498,-0.21151197,0.5869683,-0.14772141,-0.15943745
attn_0_1_outputs,3,0.04837123,-0.2833777,-0.3500092,0.62095946,-0.098732576
attn_0_1_outputs,4,0.21284203,-0.21278127,-0.1139535,-0.15806496,0.7686625
attn_0_1_outputs,</s>,-0.37318727,0.3435405,0.030221615,-0.031801883,-0.953439
attn_0_1_outputs,<pad>,0.328543,0.32112506,0.2559667,-0.40104216,-0.1793816
attn_0_1_outputs,<s>,0.19203651,0.07725236,-0.18077996,-0.02042605,-0.7390184
attn_0_1_outputs,_,0.32336822,0.3301726,0.07317866,-0.17746654,-0.8186901
attn_0_1_outputs,_,-0.08504076,0.11336556,0.35792807,-0.6669273,-0.2006955
attn_0_1_outputs,_,0.059029125,-0.1643268,0.52360064,0.3012346,-0.09443919
attn_0_1_outputs,_,0.17457755,-0.018261457,-0.10931746,0.4746694,0.0598419
attn_0_1_outputs,_,-0.0143930875,-0.06107009,-0.04106325,0.35660037,-0.20179334
attn_0_1_outputs,_,-0.20512402,0.10060495,0.26094595,0.6037403,0.07738098
attn_0_1_outputs,_,0.0032790387,0.2046236,0.355216,-0.40021566,0.015183968
attn_0_1_outputs,_,-0.23528597,-0.5153961,-0.0027966925,0.11840548,-0.7381853
attn_0_2_outputs,0,1.1601146,-0.31880268,-0.22587034,-0.23619488,-0.29790068
attn_0_2_outputs,1,-0.15689807,1.2937878,-0.07268235,-0.17353436,-0.018343644
attn_0_2_outputs,2,-0.21626277,-0.44726562,1.2300811,-0.18263435,-0.15540735
attn_0_2_outputs,3,-0.21473733,-0.0101169115,-0.16820815,0.7182792,-0.7632371
attn_0_2_outputs,4,-0.023644906,-0.029071813,-0.20063631,-0.5528409,1.0114623
attn_0_2_outputs,</s>,-0.2889633,-0.27500233,-0.2836605,-0.4884712,-0.3561304
attn_0_2_outputs,<pad>,0.18199784,-0.20048456,-0.27706745,0.115235284,-0.14742434
attn_0_2_outputs,<s>,-0.012741281,-0.217477,0.21087743,-0.14854439,-0.22840172
attn_0_2_outputs,_,-0.21202934,0.15497074,0.46375442,0.058566507,0.3631743
attn_0_2_outputs,_,-0.86352074,-0.3388607,-0.09781868,-0.6114693,-0.3558987
attn_0_2_outputs,_,-0.14173213,0.55862993,0.43283516,0.19654636,0.08139925
attn_0_2_outputs,_,0.3717479,0.22507204,0.5467638,0.56049633,0.70382005
attn_0_2_outputs,_,0.26310915,-0.25144234,0.6003481,0.66896087,-0.089581415
attn_0_2_outputs,_,-0.0027963894,-0.20794559,0.05421797,0.47668314,-0.18553771
attn_0_2_outputs,_,0.14451833,-0.27296323,-0.1852011,0.41005957,-0.27480277
attn_0_2_outputs,_,-0.0024192664,0.026550753,-0.022800846,0.38925645,-0.21264006
attn_0_3_outputs,0,0.287324,0.5347056,0.123101115,-0.39241013,-0.7290507
attn_0_3_outputs,1,-0.04068053,0.8517196,0.098311566,-0.31520227,-0.76511717
attn_0_3_outputs,2,0.19092953,0.87368613,0.47698954,-0.21998684,-0.5818317
attn_0_3_outputs,3,0.28571013,0.51344365,0.2609243,0.13864107,-0.12620017
attn_0_3_outputs,4,-0.9625382,-0.6813881,-0.26395455,-1.4962043,2.0839233
attn_0_3_outputs,</s>,-0.70387024,-1.160132,-1.2872221,2.8721528,0.60338974
attn_0_3_outputs,<pad>,0.027813636,-0.18453263,0.036954485,-0.2600623,0.19103806
attn_0_3_outputs,<s>,0.61440474,-0.6363977,0.3513207,0.1076118,-1.2780422
attn_0_3_outputs,_,-0.6273517,-0.15323834,0.29340732,0.055528667,0.4100743
attn_0_3_outputs,_,0.5473604,-0.18648422,0.120359704,0.17133349,0.107311115
attn_0_3_outputs,_,-0.14764757,0.3454145,0.020759588,0.54158795,0.078324
attn_0_3_outputs,_,-0.50652045,0.48055226,0.5179543,0.8179123,-0.16539298
attn_0_3_outputs,_,0.028396532,0.5329112,-0.022903413,0.21838698,0.3066519
attn_0_3_outputs,_,-0.5774274,-0.43041584,-0.52405596,0.39482075,0.31413406
attn_0_3_outputs,_,0.09768717,0.06697436,0.030904278,-0.042377252,0.525834
attn_0_3_outputs,_,0.08502936,-0.67974454,0.063318916,0.5650825,-0.30834308
attn_0_4_outputs,0,0.029991297,-0.34955418,0.16283013,-0.5119413,-0.08057714
attn_0_4_outputs,1,0.015199289,-0.082260475,0.31859505,-0.26632085,0.013944361
attn_0_4_outputs,2,0.09125871,-0.170635,0.5203528,-0.3364517,0.053029258
attn_0_4_outputs,3,0.18669061,0.012762738,0.5483227,0.09026059,0.20123343
attn_0_4_outputs,4,-0.0017499328,-0.30700973,0.36738572,-0.41492182,-0.061584547
attn_0_4_outputs,</s>,0.31186342,-0.16272204,-0.0009774575,3.5270963,-2.0992043
attn_0_4_outputs,<pad>,0.31396365,0.62821424,0.5768787,-1.6529547,-0.27546906
attn_0_4_outputs,<s>,-0.029509459,-0.045649685,0.06830259,-0.10351301,-0.09110735
attn_0_4_outputs,_,-0.20562138,-0.248729,-0.31824663,-0.28779107,-0.34266216
attn_0_4_outputs,_,0.11343413,0.7778013,0.40782028,0.21721447,0.2128553
attn_0_4_outputs,_,-0.30186445,0.6144792,0.2558103,0.71902156,-0.104461275
attn_0_4_outputs,_,-0.03782916,0.55202067,0.77664775,-0.38720727,-0.8722047
attn_0_4_outputs,_,-0.7532633,-0.5590649,-0.20114645,0.15686607,-0.6515903
attn_0_4_outputs,_,-0.23751079,0.36950085,0.011551663,0.38876057,-0.32722768
attn_0_4_outputs,_,0.3829695,0.20203868,0.20212689,0.67073154,-0.81954396
attn_0_4_outputs,_,0.305494,-0.1716587,0.80738235,1.3573115,-0.51767343
attn_0_5_outputs,0,2.9153304,-0.06510047,-1.3605872,-0.40595037,-2.796489
attn_0_5_outputs,1,0.66574305,0.7744513,0.3204358,0.51639456,-0.28703406
attn_0_5_outputs,2,-0.38393497,0.15977865,2.2380183,-0.01036458,-2.191075
attn_0_5_outputs,3,0.32981685,0.9121681,-0.039925527,0.68543684,-1.5252879
attn_0_5_outputs,4,-0.78550327,-0.24128145,-1.4346945,-0.46000504,2.3798943
attn_0_5_outputs,</s>,0.25213042,0.5124026,1.5295416,0.3732502,-1.1574577
attn_0_5_outputs,<pad>,0.21740554,0.17427373,-0.14206716,0.21722141,-0.13238087
attn_0_5_outputs,<s>,0.29642445,0.66233563,-0.34076235,0.5985628,-1.4410819
attn_0_5_outputs,_,-0.34731528,0.104114704,-0.22170219,-0.18701942,-0.046435602
attn_0_5_outputs,_,-0.07612368,0.19528934,-0.2984457,-0.14997603,-0.032884434
attn_0_5_outputs,_,0.41034982,0.47332415,0.011106771,0.13299517,0.3222784
attn_0_5_outputs,_,0.023805492,0.109227255,-0.1580448,0.1729447,0.06805578
attn_0_5_outputs,_,0.17295456,0.20161174,-0.3172695,0.40577227,-0.052151393
attn_0_5_outputs,_,-0.20623752,-0.44812247,-0.72876686,-0.41510022,-0.21289489
attn_0_5_outputs,_,0.20557594,-0.44236416,-0.29104525,-0.007901184,-0.055166185
attn_0_5_outputs,_,0.42391872,-0.19166782,-0.03934978,-0.15710358,-0.18481193
attn_0_6_outputs,0,0.40612063,-0.46223608,-0.5391243,-0.80442894,-0.52929443
attn_0_6_outputs,1,-0.054341402,0.6775404,-0.13512604,-0.41378763,-0.2534116
attn_0_6_outputs,2,0.10136904,-0.09282711,0.58658993,-0.23386258,-0.12459663
attn_0_6_outputs,3,0.19049782,0.051915735,0.0015135251,0.54341316,-0.12569776
attn_0_6_outputs,4,0.27932394,0.1775181,0.088804625,-0.15604505,0.718012
attn_0_6_outputs,</s>,0.773466,0.36747643,0.3394312,0.32259303,0.6430283
attn_0_6_outputs,<pad>,0.1779647,0.3995722,0.22643852,0.31049436,0.5028375
attn_0_6_outputs,<s>,0.20745984,-0.22826754,-0.009916842,-0.11933899,0.1402087
attn_0_6_outputs,_,-0.6505937,-0.2605341,-0.30879727,-0.5337389,-0.0066089444
attn_0_6_outputs,_,-0.10435714,0.1922168,0.2635879,-0.018584618,0.35537162
attn_0_6_outputs,_,0.09499076,0.29153085,0.21216674,0.026446922,0.5480219
attn_0_6_outputs,_,0.15673207,-0.0546701,0.061425406,0.042022847,0.4295393
attn_0_6_outputs,_,0.026953831,-0.2327825,-0.42889994,-0.4371117,0.1707343
attn_0_6_outputs,_,0.5251662,0.056623977,0.24087948,0.24328406,0.363276
attn_0_6_outputs,_,0.045885157,-0.43247426,-0.067612246,-0.5582829,0.2728489
attn_0_6_outputs,_,0.26770347,-0.2015158,-0.099407464,0.49560407,0.087546185
attn_0_7_outputs,0,-0.25545678,0.21294981,0.05130916,0.10664241,0.09161367
attn_0_7_outputs,1,0.12125181,-0.017702335,0.09486197,0.23238158,0.22195296
attn_0_7_outputs,2,0.2986419,0.38333854,-0.11672669,0.15758766,0.22105104
attn_0_7_outputs,3,0.02413138,0.25553218,0.0035887808,-0.13784549,0.17821336
attn_0_7_outputs,4,-0.13596207,0.121099085,-0.12571953,-0.024954073,0.107963376
attn_0_7_outputs,</s>,0.18250288,0.3252205,0.10877874,0.0497113,0.016400244
attn_0_7_outputs,<pad>,0.32689372,-0.06332195,-0.39210877,-0.5648691,-0.23968701
attn_0_7_outputs,<s>,-0.017548248,0.22039087,-0.05988297,-0.031870138,-0.00034044287
attn_0_7_outputs,_,-0.2605493,0.64047045,0.21180925,-0.074945375,0.1536899
attn_0_7_outputs,_,-0.4701238,0.43072423,-0.58696735,-0.36053324,0.18326804
attn_0_7_outputs,_,-0.36301428,0.5676977,-0.028492328,0.14392075,0.14738853
attn_0_7_outputs,_,0.15570255,0.18019256,-0.1283656,-0.33666542,0.003512869
attn_0_7_outputs,_,-0.4441946,0.3348367,0.39031133,-0.029516978,-0.3012669
attn_0_7_outputs,_,0.008025498,0.43204305,0.2932788,-0.043664135,-0.48884737
attn_0_7_outputs,_,-0.12011646,-0.12688199,-0.1681902,0.34716126,-0.31157205
attn_0_7_outputs,_,0.79731965,0.29727656,0.38076454,0.09152386,-0.3901584
attn_1_0_outputs,0,-1.4621352,0.17924644,0.21831158,0.36606765,0.41909793
attn_1_0_outputs,1,0.80295265,-0.899096,0.88837385,0.90382665,1.0765324
attn_1_0_outputs,2,0.304277,0.25441548,-1.2444628,0.4605877,0.65744144
attn_1_0_outputs,3,0.851513,0.7934494,0.8584672,-0.7862105,1.01069
attn_1_0_outputs,4,0.3790719,0.30289933,0.34061587,0.2843104,-1.3809423
attn_1_0_outputs,</s>,-0.1787683,0.014860383,0.13896349,-0.00021110289,0.12718189
attn_1_0_outputs,<pad>,0.41634718,-0.01614212,0.045977775,0.6170052,0.12135622
attn_1_0_outputs,<s>,-0.1880161,0.38416052,-0.14858519,0.34991932,0.9466072
attn_1_0_outputs,_,0.03396113,0.31515864,0.089842655,0.43711236,0.53061306
attn_1_0_outputs,_,-0.38403857,-0.16301972,-0.660825,-0.050295193,0.34534413
attn_1_0_outputs,_,-0.3174425,0.041640807,0.006326727,-0.30439043,0.037648793
attn_1_0_outputs,_,0.38090533,0.39635468,-0.51806676,-0.06546555,0.43161973
attn_1_0_outputs,_,-0.6041943,0.052154697,-0.90830576,-0.23230924,-0.12628737
attn_1_0_outputs,_,-0.37791127,-0.4670944,-0.3968344,-0.31156462,0.25647372
attn_1_0_outputs,_,0.2533304,-0.41101423,-0.07673771,0.30967438,0.19525556
attn_1_0_outputs,_,-0.57903475,0.22425361,-0.30659556,0.281319,0.5479836
attn_1_1_outputs,0,0.9521344,-0.04099396,-0.25351834,-0.44506758,-0.47908083
attn_1_1_outputs,1,-0.47088483,0.9601008,-0.40095425,-0.64282787,-0.6083694
attn_1_1_outputs,2,-0.2179066,0.016932487,1.0009581,-0.41463163,-0.3348198
attn_1_1_outputs,3,-0.13198954,0.028881423,-0.22818609,0.8748482,-0.4561022
attn_1_1_outputs,4,0.109570704,0.2132867,0.03416565,-0.15635319,0.96505994
attn_1_1_outputs,</s>,0.41095182,0.73841554,0.51627505,0.37564138,0.034948014
attn_1_1_outputs,<pad>,-0.037376735,0.07923673,0.33666456,-0.6365891,0.15542957
attn_1_1_outputs,<s>,-0.24540105,0.1934911,-0.198995,-0.26514316,-0.38404495
attn_1_1_outputs,_,0.5722547,0.23814148,-0.21076244,0.33565527,0.3966941
attn_1_1_outputs,_,-0.6794526,-0.05522106,0.4240999,0.42778188,0.025574354
attn_1_1_outputs,_,-0.21934773,-0.6073498,-0.21417157,0.12661172,0.17352736
attn_1_1_outputs,_,-0.07127209,0.53222567,0.26609293,0.31503096,-0.053248405
attn_1_1_outputs,_,0.581573,-0.9362684,-0.43117258,0.31408024,0.16542101
attn_1_1_outputs,_,-0.64273214,-0.4153717,-0.3918107,-0.32672745,0.33262157
attn_1_1_outputs,_,0.50344676,-0.68577397,0.20971882,0.099014774,-0.07290259
attn_1_1_outputs,_,0.57890844,-0.0029713318,-0.14810772,-0.405342,-0.23402184
attn_1_2_outputs,0,0.6332738,-0.37666512,0.3893134,-0.3048331,-0.6787254
attn_1_2_outputs,1,-0.25617892,0.54200524,-0.20723571,-0.13745746,-0.07681604
attn_1_2_outputs,2,0.10395051,-0.5124655,1.6232386,-0.19108185,0.21647526
attn_1_2_outputs,3,-0.7438951,-0.84945613,-0.6337467,0.8258748,-0.60095745
attn_1_2_outputs,4,-0.67053396,-0.59818256,-0.63043535,-0.3342615,1.1747688
attn_1_2_outputs,</s>,-0.08273402,-0.15037474,-0.12795211,-0.07462477,-0.038089942
attn_1_2_outputs,<pad>,0.005922314,0.32701418,0.11298779,-0.25536406,-0.2015546
attn_1_2_outputs,<s>,0.09920292,0.089273274,-0.106408305,-0.1641223,-0.16117162
attn_1_2_outputs,_,-0.17668918,0.090745,0.52559286,0.33391434,-0.19116504
attn_1_2_outputs,_,0.5757037,-0.4186332,-0.197886,0.27824324,0.33726773
attn_1_2_outputs,_,-0.2890483,-0.50449896,0.3666854,-0.048680514,-0.35337394
attn_1_2_outputs,_,0.20480254,0.6638835,0.43878528,0.26998407,0.5624517
attn_1_2_outputs,_,0.4330911,0.093544364,0.054148275,-0.3681485,0.4430945
attn_1_2_outputs,_,0.14264543,-0.3705861,0.11489665,0.49411377,0.048472162
attn_1_2_outputs,_,0.106882304,-0.16667078,0.3718781,0.74562943,-0.29355592
attn_1_2_outputs,_,0.45869562,-0.2697639,-0.13899754,0.049966056,0.4230678
attn_1_3_outputs,0,0.3875169,-0.14125668,-0.27933723,-0.19560015,-0.076545514
attn_1_3_outputs,1,0.22317946,0.91171074,0.16605137,0.25006345,0.42562252
attn_1_3_outputs,2,-0.31404233,-0.14825983,0.27232105,-0.2558624,-0.02840996
attn_1_3_outputs,3,-0.33953938,-0.2330546,-0.41242093,0.41694966,-0.1458903
attn_1_3_outputs,4,-0.14870048,-0.020204557,-0.13764167,-0.07063397,0.5830286
attn_1_3_outputs,</s>,-0.19546428,-0.016730003,-0.19517793,-1.2013766,-0.15296917
attn_1_3_outputs,<pad>,-0.34312874,0.9014318,0.40640688,0.13826281,-0.06996258
attn_1_3_outputs,<s>,0.3120999,0.57969135,0.23563801,-0.5296535,0.6716347
attn_1_3_outputs,_,-0.15988816,-0.13701878,-0.065110326,0.06973522,0.48860893
attn_1_3_outputs,_,0.10137641,-0.21455993,0.24202928,0.19581889,0.5203252
attn_1_3_outputs,_,-0.9287613,0.21545044,-0.32249084,-0.4105993,0.14055747
attn_1_3_outputs,_,0.77980024,0.16589981,-0.08038117,0.246666,0.3683999
attn_1_3_outputs,_,0.039434604,0.19812566,0.1653321,0.18191834,0.33351603
attn_1_3_outputs,_,0.0473939,0.013801715,-0.5334861,-0.58822346,0.8501914
attn_1_3_outputs,_,0.51417875,-0.39561045,-0.17707859,-0.6217964,0.5990444
attn_1_3_outputs,_,-0.055026565,0.26366568,0.39316624,-0.12779392,0.6109408
attn_1_4_outputs,0,0.48439097,-0.026398255,-0.09968232,-0.49867368,-0.13680106
attn_1_4_outputs,1,-0.4507431,0.38960156,-0.383059,-0.6556976,-0.44709605
attn_1_4_outputs,2,-0.17423639,0.039995313,0.6697031,-0.3249047,0.059410885
attn_1_4_outputs,3,-0.24492002,0.046979003,-0.050370738,0.443059,-0.053311452
attn_1_4_outputs,4,0.080372386,0.10147928,0.13349548,-0.13611157,0.5186646
attn_1_4_outputs,</s>,-0.1633739,-0.11303168,-0.037002333,-0.22003484,-0.33798814
attn_1_4_outputs,<pad>,-0.1472473,-0.23618402,-0.68085086,-0.2557586,0.058199823
attn_1_4_outputs,<s>,0.16730112,0.23939285,0.36448774,0.15054213,0.15809509
attn_1_4_outputs,_,-0.7611081,-0.36366954,0.08132187,-0.53725594,-0.287367
attn_1_4_outputs,_,0.0513286,-0.363629,0.00025470665,-0.03253298,0.043780968
attn_1_4_outputs,_,0.34231314,-0.44060966,0.24035661,-0.29026744,0.173365
attn_1_4_outputs,_,-0.55666864,0.092494704,0.330946,0.26053736,-0.008017555
attn_1_4_outputs,_,-0.68135655,0.041365713,-0.6727475,-0.31031206,-0.2541222
attn_1_4_outputs,_,0.12085857,0.40763453,-0.024172453,0.1542002,-0.0073755956
attn_1_4_outputs,_,-0.457165,-0.09630533,-0.20245449,0.26391363,0.032726105
attn_1_4_outputs,_,-0.2839349,-0.44342822,0.045624297,-0.6880989,-0.19268768
attn_1_5_outputs,0,0.09797772,0.034010284,0.11070908,-0.056595244,-0.047059488
attn_1_5_outputs,1,0.17242351,0.6051104,0.31180966,0.20732975,0.1393993
attn_1_5_outputs,2,-0.17401671,-0.122031,0.28348422,-0.13676496,-0.15100022
attn_1_5_outputs,3,0.2507439,0.35542133,0.5296105,0.6979049,0.3425765
attn_1_5_outputs,4,0.12882014,0.14636277,0.3147817,0.1772257,0.2560436
attn_1_5_outputs,</s>,-0.004936224,-0.3312966,0.16377912,-0.075572394,0.051249273
attn_1_5_outputs,<pad>,0.16359048,0.21539661,0.35009792,-0.043485165,0.0057673226
attn_1_5_outputs,<s>,-0.25500703,0.47131157,-0.06976843,-0.12333344,-0.14223245
attn_1_5_outputs,_,-0.4563294,0.34699443,0.29567692,0.11495018,0.529274
attn_1_5_outputs,_,-0.10156175,-0.7953624,-0.38922155,0.81058705,0.863923
attn_1_5_outputs,_,-0.14490004,-0.2586335,-0.15151557,-0.2851538,0.29193985
attn_1_5_outputs,_,-0.76489043,0.2604806,-0.19418982,0.015870916,0.062742986
attn_1_5_outputs,_,-0.2755773,0.02087032,-0.10098157,0.26285943,0.056499712
attn_1_5_outputs,_,-0.4423054,0.31968898,-0.18821795,-0.30998492,0.03799217
attn_1_5_outputs,_,0.89756095,0.84860003,-1.4835616,0.81350344,0.74590355
attn_1_5_outputs,_,-0.62862515,0.17251325,-0.29409853,-0.35289598,-0.63731545
attn_1_6_outputs,0,-0.44984052,-0.28233364,-0.29215163,-0.17270958,-0.0450074
attn_1_6_outputs,1,0.044740614,-0.34960142,-0.14390427,-0.058808103,0.22788884
attn_1_6_outputs,2,0.36979714,0.1912075,-0.20919436,0.330721,0.5217979
attn_1_6_outputs,3,0.16233727,-0.105047956,-0.1725095,-0.43581492,0.15054135
attn_1_6_outputs,4,0.26504838,0.14071669,-0.026226643,0.17181136,-0.024562035
attn_1_6_outputs,</s>,0.5305479,0.17698212,0.08784326,0.4102138,0.4341535
attn_1_6_outputs,<pad>,0.26284134,-0.33187485,0.3301955,0.032869697,0.46194705
attn_1_6_outputs,<s>,0.35577103,0.11264958,0.0037118366,0.19159016,0.26726276
attn_1_6_outputs,_,-0.637276,-0.37411824,0.5608945,-0.4458616,-0.20095341
attn_1_6_outputs,_,0.50014585,-0.73058975,0.5548107,-0.02497131,0.332571
attn_1_6_outputs,_,0.25464833,0.17711537,-0.23371422,-0.020583328,-0.16579854
attn_1_6_outputs,_,0.55593276,-0.04409138,0.35883695,-0.042929795,0.14475112
attn_1_6_outputs,_,0.20207778,0.21438684,0.4838518,-0.25728756,0.8426348
attn_1_6_outputs,_,0.78481644,-0.18476796,0.35934255,0.20543489,0.23859593
attn_1_6_outputs,_,0.77573526,-0.59982765,0.17078434,-0.113516286,-0.2200675
attn_1_6_outputs,_,0.71955734,0.46514723,-0.23169768,-0.10288472,-0.45135385
attn_1_7_outputs,0,-0.37223032,0.3826604,0.46356624,-0.045754593,0.18518962
attn_1_7_outputs,1,0.21303558,-0.1849841,0.48772117,0.070121445,0.27625483
attn_1_7_outputs,2,-0.021544918,0.17634031,-0.60151094,-0.32048547,-0.04557299
attn_1_7_outputs,3,0.3195087,0.42154562,0.47617388,-0.62721056,0.35620686
attn_1_7_outputs,4,0.37206486,0.5033737,0.51832193,0.10387685,-0.17575565
attn_1_7_outputs,</s>,-0.09813715,0.19551885,-0.036485013,-0.28890383,-0.005975865
attn_1_7_outputs,<pad>,-0.030477203,0.31354684,-0.75198704,-0.5462592,0.30185387
attn_1_7_outputs,<s>,-0.71569896,-0.44436103,-0.44786638,-0.8664789,-0.5734653
attn_1_7_outputs,_,-0.30094197,0.40986112,0.3297794,-0.028001793,0.012070989
attn_1_7_outputs,_,0.1452794,0.44297674,0.40403077,-0.34642142,-0.11239469
attn_1_7_outputs,_,-0.3104449,0.10562674,-0.20151438,-0.13054399,0.14326815
attn_1_7_outputs,_,0.21902943,-0.41539958,0.023053026,-0.002046966,0.28941202
attn_1_7_outputs,_,-0.30301505,1.0426072,0.057655647,-0.50331974,-0.4389963
attn_1_7_outputs,_,-0.2750941,0.06813013,0.16990256,-0.11005616,0.51762706
attn_1_7_outputs,_,0.022357415,1.8912241,1.6522635,-1.3635613,-1.0621645
attn_1_7_outputs,_,0.057608593,0.116085105,-0.097791225,-0.1129414,0.21951087
attn_2_0_outputs,0,-0.10951871,0.12797047,0.054962847,-0.04591779,0.07050836
attn_2_0_outputs,1,-0.27432165,-0.31431872,-0.16385624,-0.39114097,-0.28696385
attn_2_0_outputs,2,-0.027540278,0.0598012,-0.1526328,-0.07065691,0.07820841
attn_2_0_outputs,3,-0.00043671066,0.06088642,0.02720636,-0.37578377,-0.19430575
attn_2_0_outputs,4,-0.04473418,0.07355655,-0.00027614343,-0.25593764,-0.34680957
attn_2_0_outputs,</s>,0.14131784,0.17342265,0.018842375,0.02904431,0.12897003
attn_2_0_outputs,<pad>,-0.16844894,-0.27575907,-0.0013656721,-0.38492972,-0.18972982
attn_2_0_outputs,<s>,-0.17632672,-0.01634196,-0.17099534,-0.234699,-0.08262862
attn_2_0_outputs,_,0.55138516,-0.17094901,0.31233487,-0.04544252,0.49164894
attn_2_0_outputs,_,0.35914707,-0.58724666,0.1946575,-1.0418216,0.026175832
attn_2_0_outputs,_,0.14282954,0.92341626,0.4857609,-0.28748438,-0.18458956
attn_2_0_outputs,_,0.22611345,0.4982685,-0.10545501,-0.29756933,0.9258468
attn_2_0_outputs,_,0.16804889,0.4434113,-0.13735238,-0.51031256,-0.46786696
attn_2_0_outputs,_,0.51094097,0.033048425,-0.0061450624,0.43141872,0.6745898
attn_2_0_outputs,_,0.05097498,-0.024361795,-0.025410937,0.3205178,-0.74471503
attn_2_0_outputs,_,0.7278774,-0.3174162,0.5162426,-0.4526028,-0.037295647
attn_2_1_outputs,0,0.4522313,0.05474027,0.036401685,0.10762605,0.1524463
attn_2_1_outputs,1,0.30789325,0.07308515,-0.009474723,0.06770988,0.03561024
attn_2_1_outputs,2,0.46414554,0.19928208,0.29051048,0.18337137,0.037124284
attn_2_1_outputs,3,0.12080954,-0.11535249,-0.049657937,-0.010771504,-0.307791
attn_2_1_outputs,4,0.21245188,-0.074506536,0.18067682,0.08654246,0.08224026
attn_2_1_outputs,</s>,-0.0064253937,-0.3048391,-0.42734885,-0.14706872,-0.12454222
attn_2_1_outputs,<pad>,0.16176492,-1.3524203,-0.474848,-0.25686294,-0.10492541
attn_2_1_outputs,<s>,-0.24951261,-0.58955437,-0.5150282,-0.25086778,-0.24766941
attn_2_1_outputs,_,-0.6517482,0.29395705,0.3398848,-0.11405476,-0.12984648
attn_2_1_outputs,_,0.50656205,0.23650616,-0.16571796,0.25899285,0.34125772
attn_2_1_outputs,_,-0.14814614,0.15784524,-0.4412335,-0.32570633,0.22498123
attn_2_1_outputs,_,0.39455414,0.3284226,0.1966244,-0.47971278,0.110881925
attn_2_1_outputs,_,0.008164734,0.44537574,-0.13649052,0.63263685,0.5029216
attn_2_1_outputs,_,0.9788287,-0.12800282,0.033171974,-0.030417407,0.60593283
attn_2_1_outputs,_,-0.19531259,-0.36197323,0.17752865,-0.21787581,0.07651976
attn_2_1_outputs,_,0.6428829,-0.0069186855,-0.1333176,-0.23528619,-0.39552307
attn_2_2_outputs,0,-0.72690094,0.25953105,0.2865897,0.29306406,0.35210222
attn_2_2_outputs,1,0.33330894,-0.6778797,0.2909863,0.30202013,0.3564016
attn_2_2_outputs,2,0.35715687,0.42663085,-0.6139666,0.34960604,0.3804519
attn_2_2_outputs,3,0.51911235,0.6268153,0.51872116,-0.44300607,0.67550206
attn_2_2_outputs,4,0.27222404,0.3950886,0.22948597,0.33986026,-0.40295154
attn_2_2_outputs,</s>,0.3863117,0.44608343,0.026577879,0.027294459,0.13669907
attn_2_2_outputs,<pad>,0.76436883,0.1911544,0.051197343,-0.10786072,-0.6609943
attn_2_2_outputs,<s>,0.59548414,0.52172893,0.23963302,0.36466882,0.1215698
attn_2_2_outputs,_,-0.36363748,0.52775735,-0.11300908,-0.016948085,-0.035497274
attn_2_2_outputs,_,-0.32261142,-0.56226635,-0.5394159,-0.42174762,-0.120892644
attn_2_2_outputs,_,0.5153003,-0.49884766,-0.5022741,0.1893967,-0.29694825
attn_2_2_outputs,_,-0.28758705,0.21539365,0.5305121,-0.1555652,0.4573055
attn_2_2_outputs,_,-0.05589795,0.47755745,0.09819382,-0.35898423,0.12264802
attn_2_2_outputs,_,0.01206832,-0.56216174,0.104107074,0.44630834,0.21128675
attn_2_2_outputs,_,0.20671718,-0.20674255,0.13378075,-0.5138817,0.3891147
attn_2_2_outputs,_,-0.093273446,-0.036709867,0.66888183,0.795477,0.21376157
attn_2_3_outputs,0,0.30770472,0.126866,-0.18282998,-0.15775533,0.48121387
attn_2_3_outputs,1,-0.5429734,-0.043959208,-0.4967654,-0.42427298,-0.010363206
attn_2_3_outputs,2,-0.07088392,0.32059917,0.5008293,-0.0036702931,0.542524
attn_2_3_outputs,3,-0.2668268,0.12078581,-0.1735218,0.33027515,0.30204272
attn_2_3_outputs,4,-0.22334112,0.0031527188,-0.053339254,-0.16689807,0.47586316
attn_2_3_outputs,</s>,-0.15435304,-0.1690291,-0.15167277,-0.06684628,-0.062644474
attn_2_3_outputs,<pad>,0.2097615,0.42368695,0.54836786,-0.16111292,0.074877344
attn_2_3_outputs,<s>,0.38390988,0.30034035,0.20034,0.45208383,0.608669
attn_2_3_outputs,_,0.30245322,0.42141855,0.24522355,0.30245888,0.30453557
attn_2_3_outputs,_,0.20271774,-0.54109406,-0.14361706,-0.8187704,0.42346105
attn_2_3_outputs,_,-0.23810913,-0.106122136,0.23764072,-0.01687676,0.83489347
attn_2_3_outputs,_,0.33565354,-0.5179815,0.1356987,0.45515168,0.66102475
attn_2_3_outputs,_,-0.22357066,0.0737905,-0.10671475,0.11089928,0.4001539
attn_2_3_outputs,_,-0.2542042,-0.16599104,-0.0081430385,0.45816988,0.45901832
attn_2_3_outputs,_,0.054780122,-0.08306257,-0.117502786,-0.76484144,0.001565801
attn_2_3_outputs,_,0.23619345,0.05242028,-0.35105538,1.0505263,-0.4741629
attn_2_4_outputs,0,0.6203636,-0.09782396,-0.13837492,0.035754148,0.0065809884
attn_2_4_outputs,1,0.15547886,0.40064874,0.014803897,0.14124434,0.087364994
attn_2_4_outputs,2,-0.21643221,-0.3047972,0.017996866,-0.27699324,-0.18896519
attn_2_4_outputs,3,0.0102206245,-0.15012425,-0.21206649,0.38803652,-0.07664548
attn_2_4_outputs,4,-0.05469918,-0.2415139,-0.206632,-0.033803366,0.09031545
attn_2_4_outputs,</s>,0.29172432,-0.09235962,0.27824056,0.27634463,0.23714612
attn_2_4_outputs,<pad>,-0.12844975,0.2966274,-0.92164975,0.29305184,-0.18972382
attn_2_4_outputs,<s>,0.593886,-1.170176,0.81551427,0.42456672,0.32071486
attn_2_4_outputs,_,-0.33907583,-0.24124633,0.4435315,0.010448606,0.12492319
attn_2_4_outputs,_,0.33786705,-0.081781924,0.05808725,-0.045595706,-0.29163793
attn_2_4_outputs,_,0.056994777,0.0017717198,-0.04383702,0.8177713,0.35069337
attn_2_4_outputs,_,-0.08633242,-0.54810923,-0.22639322,0.21612853,-0.1751231
attn_2_4_outputs,_,0.07803422,-0.41411835,-0.25042892,-0.1625362,0.12123725
attn_2_4_outputs,_,0.011702153,-0.08901701,0.13741875,-0.4385705,-0.17459841
attn_2_4_outputs,_,0.25917822,0.11531072,-0.30530667,-0.010674961,0.05442665
attn_2_4_outputs,_,-0.16779657,-0.33977842,0.33174166,-0.217356,0.22841051
attn_2_5_outputs,0,0.025758773,-0.32395774,-0.60368353,-0.87588465,-0.8251374
attn_2_5_outputs,1,-0.08621566,0.799266,-0.043021098,-0.29439166,-0.20896898
attn_2_5_outputs,2,-0.22233099,-0.039831337,0.34151486,-0.59971035,-0.43414068
attn_2_5_outputs,3,-0.11541204,0.15491675,-0.15665688,0.3417946,-0.24183372
attn_2_5_outputs,4,0.13786043,0.373722,0.07672596,-0.11535201,0.5190358
attn_2_5_outputs,</s>,0.21482347,0.29739037,0.29727724,0.25954345,-0.019853693
attn_2_5_outputs,<pad>,-0.1239116,0.37700132,0.031530883,0.18925005,-0.084846035
attn_2_5_outputs,<s>,0.09149519,0.09143674,0.15791896,-0.32127696,0.09233848
attn_2_5_outputs,_,-0.058205966,0.21170127,0.2897732,0.04548729,-0.09658758
attn_2_5_outputs,_,-0.16348775,0.14016639,0.51829374,0.31887516,-0.030166378
attn_2_5_outputs,_,-0.9436861,0.53211665,1.1787422,0.057340756,-0.034103725
attn_2_5_outputs,_,-0.4190753,-0.03873761,0.7070865,0.2402491,0.1821714
attn_2_5_outputs,_,-0.0350835,-0.039367646,-0.10323873,-0.0043682563,0.12354073
attn_2_5_outputs,_,0.88705,-0.8354339,-0.23652348,0.8363982,-0.09250618
attn_2_5_outputs,_,0.0917104,-0.2711948,0.18541284,0.2198733,0.004679875
attn_2_5_outputs,_,-0.46923086,-0.4188134,-0.33888087,-0.21055087,-0.49026924
attn_2_6_outputs,0,-0.028447058,0.46168932,0.3217286,0.29865372,0.04061769
attn_2_6_outputs,1,-0.07821397,0.23406145,0.031201068,0.016566996,-0.12896782
attn_2_6_outputs,2,-0.22473362,0.15409634,0.039523903,-0.042206902,-0.18000056
attn_2_6_outputs,3,-0.16988157,0.24042608,0.11574567,0.16487199,-0.115560204
attn_2_6_outputs,4,-0.06564635,0.3872374,0.13415289,0.19023512,0.024722148
attn_2_6_outputs,</s>,-0.19713841,0.2934357,0.07299285,0.35538754,-0.11366103
attn_2_6_outputs,<pad>,0.27647096,0.40875438,0.28236148,0.5855357,0.1852844
attn_2_6_outputs,<s>,-0.28607193,0.12659065,0.4407248,0.1645228,-0.034424063
attn_2_6_outputs,_,0.091526955,0.029220806,0.20733951,0.0073793945,0.08170459
attn_2_6_outputs,_,0.16895014,-0.20617874,-0.44850424,-0.24553123,-0.32947877
attn_2_6_outputs,_,-0.43769178,0.38962492,-0.34088105,0.0072472063,0.13338298
attn_2_6_outputs,_,-0.36661205,-0.47460207,0.09045806,0.117052175,-0.65694165
attn_2_6_outputs,_,-0.57304776,0.007468122,0.061371375,-0.58400136,0.044183217
attn_2_6_outputs,_,-0.034282874,1.1194227,0.23072144,0.9114838,0.20798606
attn_2_6_outputs,_,-0.12178807,0.5807426,0.005262083,0.12461444,0.51015455
attn_2_6_outputs,_,-0.27408648,0.2732636,0.8670423,0.6006294,0.9335378
attn_2_7_outputs,0,0.56740904,0.035567142,-0.27811238,-0.20531654,-0.2309277
attn_2_7_outputs,1,-0.50385576,0.42182782,-0.48869926,-0.47716224,-0.46949744
attn_2_7_outputs,2,-0.23152402,0.044450007,0.4093016,-0.24555008,-0.21496646
attn_2_7_outputs,3,-0.4748529,-0.1874694,-0.53115994,0.3227585,-0.34009886
attn_2_7_outputs,4,-0.24630925,-0.025602609,-0.33846587,-0.22523959,0.5710026
attn_2_7_outputs,</s>,-0.35927615,0.0991349,-0.14221574,0.1348933,0.20782788
attn_2_7_outputs,<pad>,0.18051527,0.48365048,-0.41880396,0.15185593,0.43357015
attn_2_7_outputs,<s>,0.15250437,0.44173422,-0.42116687,0.068587415,0.4167626
attn_2_7_outputs,_,-0.051489513,0.31622925,-0.32450736,0.2637634,0.30650455
attn_2_7_outputs,_,-0.044900015,0.5007883,0.24846004,0.44633734,0.0643185
attn_2_7_outputs,_,0.3459944,0.09189061,-0.27426422,-0.6450092,0.5564134
attn_2_7_outputs,_,-0.13094041,0.33248362,-0.3784174,-0.17637393,0.07775775
attn_2_7_outputs,_,0.17639597,0.3561058,-0.065953895,-0.45146674,0.33035967
attn_2_7_outputs,_,0.36203456,-0.010869632,-0.04448375,0.593338,-0.6407866
attn_2_7_outputs,_,-0.011452047,0.3155403,-0.98341256,0.060328595,0.22622302
attn_2_7_outputs,_,-1.046258,0.06332839,0.18385969,-0.5730545,0.75428563
mlp_0_0_outputs,0,0.2856514,-0.14843881,0.36467367,0.24744855,0.33193052
mlp_0_0_outputs,1,-0.05494609,-0.28822866,-0.07624245,-0.26025686,-0.33456612
mlp_0_0_outputs,10,-0.19079399,-0.3731074,0.0062473617,-0.30775514,0.1626961
mlp_0_0_outputs,11,0.095706455,-0.12787195,0.12344176,-0.019062879,0.1746207
mlp_0_0_outputs,12,0.7584694,-4.210828,0.5712998,0.403708,0.68815047
mlp_0_0_outputs,13,0.1484105,-0.4094418,0.06568881,-0.0935807,0.09568372
mlp_0_0_outputs,14,0.5937825,-2.4546487,-0.28275073,0.03916878,0.8436105
mlp_0_0_outputs,15,0.06914991,-0.28593248,0.12995856,-0.074801244,-0.016796282
mlp_0_0_outputs,2,0.3040674,-0.024806622,0.36090517,-0.10701897,0.3306615
mlp_0_0_outputs,3,0.43517235,0.3197837,0.6562896,0.14343637,0.5911394
mlp_0_0_outputs,4,0.17267358,-0.06986552,0.11533281,0.030741304,0.011320539
mlp_0_0_outputs,5,-1.1166538,6.5644403,-0.34159756,-1.8569057,-5.804188
mlp_0_0_outputs,6,0.07657129,-0.21657276,0.13967234,-0.16705412,0.06387343
mlp_0_0_outputs,7,0.1095752,-0.18957831,0.3270942,-0.21687041,0.2076867
mlp_0_0_outputs,8,0.13431688,-0.22341394,0.26355743,0.15022844,0.06725012
mlp_0_0_outputs,9,-0.19966821,-0.54817545,-0.046471775,-0.2253739,0.12946956
mlp_0_1_outputs,0,-0.45619,0.35988885,0.25698304,-0.011463909,0.5765253
mlp_0_1_outputs,1,-0.592566,0.27546802,0.0971386,-0.15018052,0.3334838
mlp_0_1_outputs,10,-0.6253053,0.2709968,0.01839805,0.21626744,0.5417465
mlp_0_1_outputs,11,-0.5645288,0.07867046,-0.1291693,-0.09860892,0.37336734
mlp_0_1_outputs,12,3.9569345,0.1094216,0.37339562,-2.1637967,-3.2081206
mlp_0_1_outputs,13,-0.18990044,0.23597923,0.10260769,-0.30067444,0.11770231
mlp_0_1_outputs,14,-0.49232385,0.5559897,-0.04330765,0.19144247,0.67249733
mlp_0_1_outputs,15,-0.2500214,0.2723886,0.25900555,-0.027722413,0.22537969
mlp_0_1_outputs,2,-0.35660052,0.34833238,0.31844312,0.34411344,0.5392306
mlp_0_1_outputs,3,-0.6169553,0.16453448,-0.11860665,-0.12662654,0.40130875
mlp_0_1_outputs,4,-0.50087494,0.1634258,0.13126987,-0.33642343,0.25882986
mlp_0_1_outputs,5,-0.73148865,-0.04288843,-0.27320763,-0.0007483747,-0.009576837
mlp_0_1_outputs,6,-0.80914503,0.19201452,-0.30436292,-0.1747184,0.45232174
mlp_0_1_outputs,7,-3.6877205,0.87862664,0.6345625,0.5113298,0.7777151
mlp_0_1_outputs,8,7.428441,-0.53709143,0.99036795,-0.22540206,-5.912323
mlp_0_1_outputs,9,-4.1465487,0.8524865,0.76755995,0.28371766,1.0669196
mlp_1_0_outputs,0,0.40904477,-0.49716577,-3.094944,4.6989646,-3.5804863
mlp_1_0_outputs,1,-0.23040232,-0.4079747,0.40857747,-0.14976403,1.4607646
mlp_1_0_outputs,10,2.1454575,0.0052013937,-2.2318509,1.3067113,-0.7622679
mlp_1_0_outputs,11,0.3282476,0.2718777,-0.19733375,0.30042544,-0.32299948
mlp_1_0_outputs,12,-0.3722801,-0.23934379,-0.20713122,-0.4343402,0.60625696
mlp_1_0_outputs,13,-0.22577529,-0.38035882,-0.10528516,-0.18883304,0.11863649
mlp_1_0_outputs,14,0.5085629,0.6295932,0.5884053,0.74375945,-1.6480356
mlp_1_0_outputs,15,0.30523935,-0.034568287,-0.42785713,-0.01700079,-0.42902693
mlp_1_0_outputs,2,-1.690085,-1.8359444,7.2401705,-3.7428422,-4.612992
mlp_1_0_outputs,3,-0.46690285,0.11289816,0.15033679,0.054600783,-0.58948433
mlp_1_0_outputs,4,0.010093152,-0.09163799,0.71434176,-0.2558823,-0.057811238
mlp_1_0_outputs,5,1.5445976,0.93304104,-0.46828833,0.3652275,-0.62527883
mlp_1_0_outputs,6,-0.30548823,-0.40732852,-0.8176361,-0.19327514,-0.6460552
mlp_1_0_outputs,7,-0.47791544,-0.76170963,0.1844948,-0.2005692,1.1000441
mlp_1_0_outputs,8,0.37098646,1.262618,-4.3703027,-2.8921063,3.7105901
mlp_1_0_outputs,9,-0.66561365,-0.7861691,0.019583475,-0.49231035,1.1955324
mlp_1_1_outputs,0,-0.06600114,0.2761431,0.11183275,0.21288234,0.040287815
mlp_1_1_outputs,1,0.118286334,-0.36186904,-0.27701792,0.24155614,-0.04800185
mlp_1_1_outputs,10,0.3433051,0.18966436,0.081753254,0.105344385,0.047772307
mlp_1_1_outputs,11,-0.35643137,-0.30892158,-0.41898358,0.74305224,0.5322749
mlp_1_1_outputs,12,0.111013934,-0.05191947,0.41816622,-0.27620003,-0.18183692
mlp_1_1_outputs,13,0.24159077,0.13327041,-0.20372082,0.5610826,-0.16558354
mlp_1_1_outputs,14,0.5138524,-0.33269295,-0.030307328,0.12924153,-0.18872449
mlp_1_1_outputs,15,0.23178557,-0.12762071,0.12778373,0.2700453,-0.07011138
mlp_1_1_outputs,2,0.22458595,-0.4624572,-0.21203236,-0.22151619,0.17088224
mlp_1_1_outputs,3,0.008651224,0.016540064,0.3849945,-0.22179814,-0.09853456
mlp_1_1_outputs,4,0.28347513,0.07263321,-0.03611361,-0.048155367,-0.4188169
mlp_1_1_outputs,5,0.698248,0.20340107,-0.0819669,0.37310484,-0.008828897
mlp_1_1_outputs,6,0.30634984,-0.043567725,0.19527839,0.15042865,0.076811954
mlp_1_1_outputs,7,0.07419219,0.23862965,-0.1700358,-0.039842676,-0.02775811
mlp_1_1_outputs,8,0.15032806,0.5427737,0.08443243,-0.10356456,0.11014461
mlp_1_1_outputs,9,0.14741738,-0.19027534,-0.07048781,0.3787298,-0.05939183
mlp_2_0_outputs,0,-0.00060264714,0.14069669,-0.10188908,0.12148132,0.091598496
mlp_2_0_outputs,1,0.8692196,-0.5594496,-0.36715364,2.6602936,-2.2874467
mlp_2_0_outputs,10,0.044230342,-0.098840274,-0.04154224,-0.18095098,-0.09728857
mlp_2_0_outputs,11,-1.8891549,0.32506925,0.70075494,-1.3526154,1.1404006
mlp_2_0_outputs,12,0.022768786,0.4481769,0.08919933,-0.08594006,-0.5523335
mlp_2_0_outputs,13,-0.47098133,-0.59195286,-0.54126114,0.3075024,-0.41977313
mlp_2_0_outputs,14,-0.20846784,-0.44079033,-0.17408901,1.5511439,-0.33273035
mlp_2_0_outputs,15,-0.049920827,-0.11583834,-0.09707358,0.40344334,-0.18263634
mlp_2_0_outputs,2,2.2478359,-1.1358223,0.84638894,-1.142591,0.37869805
mlp_2_0_outputs,3,0.07164201,-0.15535483,0.0062905406,0.8369083,0.005124913
mlp_2_0_outputs,4,0.2996779,0.21149322,0.22133198,0.5320947,0.2610645
mlp_2_0_outputs,5,-0.3015188,-0.47114927,-0.26175603,0.83891404,-0.21086656
mlp_2_0_outputs,6,1.5508342,2.0672946,0.9942386,-3.1332479,-1.2207738
mlp_2_0_outputs,7,0.037313774,-0.18654028,-0.12387613,0.30087385,0.3726224
mlp_2_0_outputs,8,-0.3759675,-0.14532703,-0.26023382,1.4964528,-0.8020958
mlp_2_0_outputs,9,0.32180035,-0.4380919,0.28221485,-3.106879,1.4913282
mlp_2_1_outputs,0,-0.30760628,-0.16663605,-0.34640583,-0.086880386,-0.20124857
mlp_2_1_outputs,1,-0.36605424,-0.5826564,-0.13756187,-0.17302932,-0.305396
mlp_2_1_outputs,10,0.035878785,-0.005678309,-0.12689264,0.12331497,0.069678135
mlp_2_1_outputs,11,0.3038731,0.14192955,0.35978103,0.5279588,0.2961267
mlp_2_1_outputs,12,-0.13662839,-0.33510175,-0.0927236,-0.05987013,-0.046920728
mlp_2_1_outputs,13,0.03158983,-0.17607571,0.030452153,-0.019958323,0.19533066
mlp_2_1_outputs,14,-0.16784847,-0.4077587,-0.18612474,-0.16688699,-0.036163136
mlp_2_1_outputs,15,0.17102377,0.10200902,-0.08763906,0.43204424,0.20627193
mlp_2_1_outputs,2,-0.0411048,0.06596737,-0.062425893,-0.1002372,-0.041400164
mlp_2_1_outputs,3,0.14619465,-0.17726056,-0.19227442,0.0951817,0.10078762
mlp_2_1_outputs,4,-0.055148102,-0.27077195,-0.18398571,-0.1938522,-0.08081687
mlp_2_1_outputs,5,0.3692068,0.30181316,0.42042118,0.7055777,0.5228723
mlp_2_1_outputs,6,0.048478127,0.15256721,0.40066153,0.40233868,0.14123052
mlp_2_1_outputs,7,0.29943407,0.2795064,0.23377044,0.1686573,0.2951111
mlp_2_1_outputs,8,-0.18809359,-0.3379459,-0.33953217,-0.07984805,-0.16187182
mlp_2_1_outputs,9,-0.3131687,-0.3400968,-0.35969368,-0.21576947,-0.27340996
num_attn_0_0_outputs,_,0.053844064,0.2646107,0.27870244,0.09321767,-0.049673267
num_attn_0_1_outputs,_,-0.06903371,0.180984,-0.08263351,0.109420575,-0.12239065
num_attn_0_2_outputs,_,0.0024266173,0.070969135,0.023690669,0.053764287,-0.20319384
num_attn_0_3_outputs,_,0.15213145,-0.016706483,-0.1410867,-0.02078419,-0.44417286
num_attn_0_4_outputs,_,-0.07580678,-0.29144567,-0.21025442,-0.23999996,-0.09687117
num_attn_0_5_outputs,_,0.14886017,0.014633335,0.09038063,-0.049479436,-0.98399615
num_attn_0_6_outputs,_,-0.073621094,-0.23340598,-0.11437295,-0.14780186,-0.09387689
num_attn_0_7_outputs,_,-0.29424387,0.15315704,-0.07309987,0.053132672,0.11549394
num_attn_1_0_outputs,_,-0.0029621557,0.44992596,0.17843665,0.12258716,-0.13152094
num_attn_1_1_outputs,_,0.20272075,1.0382619,-0.024563162,0.06869835,-0.3284323
num_attn_1_2_outputs,_,-0.15774384,-0.01970245,-0.11842925,-0.21765338,0.72181374
num_attn_1_3_outputs,_,1.2090437,-0.33470798,-0.33366475,-0.43340266,-0.99270797
num_attn_1_4_outputs,_,-0.29845232,-0.24550034,-0.21526842,-0.17589033,1.4226569
num_attn_1_5_outputs,_,-0.051471084,0.058231298,-0.2969809,0.32200113,-0.82495815
num_attn_1_6_outputs,_,-0.5673842,-0.54427487,-0.41348982,0.060856916,0.8432796
num_attn_1_7_outputs,_,-0.07417943,-0.33832866,-0.2509096,-0.19639021,-0.027886309
num_attn_2_0_outputs,_,0.36721683,0.15935165,0.35309702,0.44747826,0.12292854
num_attn_2_1_outputs,_,-0.019676128,0.10376177,0.21181475,-0.056679267,0.19899492
num_attn_2_2_outputs,_,0.18135026,-0.40989074,-0.2550362,-0.10222118,-0.107207045
num_attn_2_3_outputs,_,0.03661521,0.12973797,-0.08788329,0.13226272,-0.57187414
num_attn_2_4_outputs,_,-0.44517502,0.039398443,1.955175,-0.4219282,-1.7517385
num_attn_2_5_outputs,_,-0.14737192,-0.13230285,-0.17844129,-0.042504925,-0.01511647
num_attn_2_6_outputs,_,0.0130194705,-0.09647045,0.19685054,-0.23103526,0.12786724
num_attn_2_7_outputs,_,-0.12966457,0.7290898,-0.1566925,-0.2064074,0.057725538
num_mlp_0_0_outputs,0,-0.08286951,-0.53795236,-0.22756763,-0.59855384,-0.34098855
num_mlp_0_0_outputs,1,0.04278054,-0.044784337,0.023929385,-0.04736922,0.066884875
num_mlp_0_0_outputs,10,0.5566663,0.11063889,-0.06584839,0.3799668,0.17393309
num_mlp_0_0_outputs,11,0.34445757,-0.045419224,0.05945731,0.16800831,0.08727628
num_mlp_0_0_outputs,12,0.2771784,-0.21308093,-0.5262993,-0.22867881,-0.14178841
num_mlp_0_0_outputs,13,0.47442758,0.2925766,-0.06957157,0.17470634,0.17606658
num_mlp_0_0_outputs,14,0.2864227,-0.024576876,-0.11948626,0.074279875,-0.003718237
num_mlp_0_0_outputs,15,0.76603216,0.30261707,0.068824224,0.5343437,0.18403311
num_mlp_0_0_outputs,2,0.21905828,0.17470737,0.02134056,-0.040971752,0.16002004
num_mlp_0_0_outputs,3,0.86784,0.022013454,0.15008444,0.5348501,0.2840927
num_mlp_0_0_outputs,4,-0.115408145,-0.27106652,-0.044800274,0.09265832,0.0015969754
num_mlp_0_0_outputs,5,0.41603565,0.09811825,-0.1537724,0.23094596,0.23386155
num_mlp_0_0_outputs,6,0.96698755,0.33997983,0.25903353,0.122497074,0.08390791
num_mlp_0_0_outputs,7,0.11202831,-0.30702016,-0.92131406,-0.39515802,-0.5431306
num_mlp_0_0_outputs,8,-0.0768735,0.07308221,-0.34159535,-0.14415625,-0.13306384
num_mlp_0_0_outputs,9,0.007919139,-0.37786108,-0.1449527,-0.05656769,-0.039746914
num_mlp_0_1_outputs,0,-0.46442792,-0.4690046,-0.03611493,-0.20143093,-0.08103895
num_mlp_0_1_outputs,1,-0.07720639,0.16627195,-0.59407675,0.31064984,0.0121200085
num_mlp_0_1_outputs,10,-0.06778949,-0.07859986,0.087449096,0.50103587,0.3563939
num_mlp_0_1_outputs,11,0.04527279,0.20538718,0.012234038,0.5949775,0.14757597
num_mlp_0_1_outputs,12,-0.32070956,-0.016322423,-0.24169576,-0.0959866,-0.09434597
num_mlp_0_1_outputs,13,-0.2854446,-0.19566652,-0.29970014,-0.14570408,-0.21587253
num_mlp_0_1_outputs,14,-0.13300228,-0.047684465,-0.8347306,-0.07449083,-0.51110405
num_mlp_0_1_outputs,15,0.07010278,0.119814284,0.12937579,0.3737759,0.12401651
num_mlp_0_1_outputs,2,-0.43042907,0.3074591,-0.16082148,0.084832855,0.31614116
num_mlp_0_1_outputs,3,-0.44103596,0.5840037,-0.24016823,-0.31578395,-0.14779301
num_mlp_0_1_outputs,4,0.12699313,0.31320906,0.071680404,0.2776469,0.14081839
num_mlp_0_1_outputs,5,-0.20151667,-0.27118036,-0.05982805,0.029480215,0.11039586
num_mlp_0_1_outputs,6,-0.20596793,-0.1348898,-0.18373124,-0.07391681,-0.21262565
num_mlp_0_1_outputs,7,-0.16185015,0.33873785,0.12652758,0.21286342,0.2934027
num_mlp_0_1_outputs,8,0.34001467,0.34356487,-0.05178171,0.449717,-0.1270616
num_mlp_0_1_outputs,9,-0.42230338,-0.0042608054,-0.025545433,-0.118886344,-0.075266235
num_mlp_1_0_outputs,0,0.7027032,-0.348542,0.20759691,-0.2835309,-0.1941173
num_mlp_1_0_outputs,1,0.14672771,0.03327891,0.08411032,0.2748625,0.20524876
num_mlp_1_0_outputs,10,-0.15918331,-0.10398147,0.046393156,0.04388955,-0.14412928
num_mlp_1_0_outputs,11,0.19911559,0.12111879,0.59134275,0.3546429,0.45122576
num_mlp_1_0_outputs,12,-0.26248738,-0.45757455,-0.31852525,-0.2921473,-0.63248736
num_mlp_1_0_outputs,13,0.090818025,0.038639348,0.40344808,-0.022211041,0.2554249
num_mlp_1_0_outputs,14,0.08467018,-0.18176489,0.1955622,0.0030728953,0.0038793522
num_mlp_1_0_outputs,15,0.18087111,-0.22411267,0.088247344,0.18153189,-0.3160291
num_mlp_1_0_outputs,2,-0.27145877,-0.09203162,-0.055766013,-0.102705285,-0.03777907
num_mlp_1_0_outputs,3,-0.010772488,-0.2840823,0.22960322,-0.4380168,-0.20777266
num_mlp_1_0_outputs,4,0.18658297,-0.04108678,0.23609257,0.3362779,0.41542253
num_mlp_1_0_outputs,5,-0.12151967,-0.42634845,0.006786146,0.1427199,-0.26785588
num_mlp_1_0_outputs,6,-0.37766886,-0.15852581,0.12177826,-0.12668051,-0.038306832
num_mlp_1_0_outputs,7,0.13490352,-0.20552719,0.12857057,0.08015482,-0.1333777
num_mlp_1_0_outputs,8,-0.101391,-0.4120508,0.19547132,-0.32775468,-0.32158133
num_mlp_1_0_outputs,9,0.040514786,-0.21147156,0.17463778,-0.018581504,-0.00784688
num_mlp_1_1_outputs,0,0.63828504,-0.06090313,-0.13206549,0.26206383,0.07022955
num_mlp_1_1_outputs,1,0.51433265,-0.23956104,-0.123162806,-0.019762866,-0.3393815
num_mlp_1_1_outputs,10,0.18990506,-0.30972186,0.52628165,-0.15640974,-0.1269076
num_mlp_1_1_outputs,11,0.05121598,-0.7441335,-0.1481409,-0.26531217,-0.20118794
num_mlp_1_1_outputs,12,0.510646,0.22837591,-0.2131381,-0.13190725,-0.012817188
num_mlp_1_1_outputs,13,0.016897902,-0.36843464,0.17106394,-0.3188769,-0.5616686
num_mlp_1_1_outputs,14,0.21108715,-0.3917934,-0.07986139,0.018066721,-0.074374326
num_mlp_1_1_outputs,15,0.56478935,0.2449619,-0.012932982,-0.2177366,0.25844267
num_mlp_1_1_outputs,2,0.36087236,-0.019656714,0.20551841,0.14521487,0.12803183
num_mlp_1_1_outputs,3,0.52028716,0.29385957,0.47138137,0.16028386,0.2590953
num_mlp_1_1_outputs,4,0.21492755,-0.06286466,0.117451794,-0.14761804,0.043040324
num_mlp_1_1_outputs,5,0.35479426,-0.22640875,-0.025948728,-0.061707947,-0.04010714
num_mlp_1_1_outputs,6,-0.15567723,-0.67088556,0.56279224,-0.19534704,-0.21125235
num_mlp_1_1_outputs,7,0.22474574,-0.10362876,0.17070386,-0.013675052,0.2238612
num_mlp_1_1_outputs,8,0.40420204,-0.43504068,-0.078004956,0.042754393,0.17021413
num_mlp_1_1_outputs,9,0.46708256,-0.22433695,0.02660691,0.6691369,0.35935336
num_mlp_2_0_outputs,0,-0.013869816,0.08758211,0.1123484,-0.09109662,0.17170256
num_mlp_2_0_outputs,1,-0.0930446,-1.845452,-0.99013925,6.1143613,-2.7849624
num_mlp_2_0_outputs,10,-0.16652822,0.14433366,0.22275719,-0.49674731,-0.094638295
num_mlp_2_0_outputs,11,0.23204897,0.08749626,0.1351591,0.1389727,0.27374625
num_mlp_2_0_outputs,12,0.12384821,0.17098895,0.16433221,-0.010002732,0.14204986
num_mlp_2_0_outputs,13,-0.22228284,-0.22709596,-0.21506752,-0.29678676,-0.101126134
num_mlp_2_0_outputs,14,0.6788549,0.20334263,0.058468882,0.13271174,0.26156202
num_mlp_2_0_outputs,15,0.090009585,0.1757096,0.15701617,0.06889483,0.36950678
num_mlp_2_0_outputs,2,-0.19780838,-0.4291593,0.065226875,-0.44360918,0.2264426
num_mlp_2_0_outputs,3,0.072608545,0.25119787,0.73507833,0.024867734,0.2523514
num_mlp_2_0_outputs,4,-0.2603725,0.12602235,0.2484174,-0.26609305,0.36185727
num_mlp_2_0_outputs,5,-0.44264996,-0.20937675,0.2250407,-0.19430596,-0.18743417
num_mlp_2_0_outputs,6,0.060121335,0.55342567,0.247218,0.19383144,0.32247996
num_mlp_2_0_outputs,7,-0.072926395,-0.20114715,-0.18031935,-0.26495612,0.2566926
num_mlp_2_0_outputs,8,-0.08792341,0.17882,-0.1406201,-0.3415567,-0.12344623
num_mlp_2_0_outputs,9,-0.09642904,-0.059115253,-0.2583741,-0.23045531,0.18971577
num_mlp_2_1_outputs,0,-0.13535655,-0.34658203,-0.34842747,-0.22826296,-0.34432757
num_mlp_2_1_outputs,1,0.33657,-0.23707266,-0.047267765,0.12675877,-0.11344696
num_mlp_2_1_outputs,10,-0.17662254,0.13500516,-0.15165167,0.10764092,-0.033562627
num_mlp_2_1_outputs,11,-0.04251515,-0.085519895,-0.020846548,0.20070115,-0.29669347
num_mlp_2_1_outputs,12,0.18567733,-0.027623974,0.14379545,0.56497514,-0.119618386
num_mlp_2_1_outputs,13,0.28830224,-0.038271133,0.09524375,0.1670837,-0.11468823
num_mlp_2_1_outputs,14,0.25872988,-0.02043589,-0.32017115,-0.01837671,-0.44351804
num_mlp_2_1_outputs,15,0.11883855,-0.11338933,-0.20589988,0.08968169,-0.342754
num_mlp_2_1_outputs,2,0.38184857,-0.046217203,-0.34973472,-0.0029391232,-0.014814501
num_mlp_2_1_outputs,3,0.045327976,-0.26657525,-0.08321756,-0.38983595,-0.2254189
num_mlp_2_1_outputs,4,0.60624796,0.43230006,0.4024422,0.6775733,0.31788555
num_mlp_2_1_outputs,5,0.009401719,-0.2721607,-0.27914408,0.0773019,-0.08629999
num_mlp_2_1_outputs,6,0.076979406,-0.3312172,0.024585962,0.25193644,0.030915273
num_mlp_2_1_outputs,7,0.012222293,0.2512968,0.12356957,0.2533927,-0.16708583
num_mlp_2_1_outputs,8,0.100148,0.056617584,-0.020345198,0.27490163,-0.20583399
num_mlp_2_1_outputs,9,0.5472649,0.061805543,0.23367403,-0.03200589,0.03349369
ones,_,-0.298063,-0.08241797,0.025482526,-0.07483659,-0.461731
positions,0,0.23501897,-0.78186023,-0.07211969,-0.045288213,-0.35705
positions,1,0.5172276,-0.112227306,0.8784276,0.15880053,-2.0671673
positions,10,0.5202777,-0.30613768,-0.97081935,-0.6430263,1.4082668
positions,11,0.39821473,-0.45562306,-2.5053158,-0.8459841,2.097272
positions,12,0.119323164,-1.1717867,0.3878717,-1.1213297,2.2283835
positions,13,0.26672906,-0.15370965,-1.3070631,-0.18284754,0.6761584
positions,14,-0.7451565,-0.07137754,-1.1251509,-0.35079962,2.0859532
positions,15,-0.06073812,0.004912735,-0.14072976,0.19688201,0.71368134
positions,2,0.7811908,0.122201346,1.0367557,0.13702938,-1.7997199
positions,3,0.94948304,0.27965456,1.0725775,0.443341,-1.6670598
positions,4,0.44745004,0.48783162,0.6123269,-0.03501186,-1.7870508
positions,5,-0.054562736,-0.5925616,-2.7561457,-0.6791207,2.1689932
positions,6,-3.1569495,-0.092988744,0.4073034,-0.15928352,2.9952507
positions,7,0.9100169,0.45611855,1.2689191,0.042944055,-1.9801991
positions,8,0.3147835,-0.62153596,-1.4234278,-0.29888383,1.7965175
positions,9,0.02835865,-0.9703021,0.47796142,-0.9201071,1.951454
tokens,0,0.32837522,0.14077628,0.25428155,0.35302827,0.27373743
tokens,1,0.03496944,0.42815542,0.41151342,0.5808622,0.42055818
tokens,2,-0.05026701,-0.05146985,0.406139,0.20447622,0.09752996
tokens,3,-0.41048127,-0.32456443,-0.20630725,0.2878515,-0.25870705
tokens,4,-0.47086895,-0.08440462,-0.08550285,0.16325879,0.8832041
tokens,</s>,0.26087698,-0.5558716,-0.21594213,0.37146035,-0.7834121
tokens,<pad>,0.11632697,0.15561701,0.13492726,-0.088339716,-0.083375104
tokens,<s>,-0.41922536,-0.32688862,0.226991,-0.79646075,-0.07919715
tokens,_,0.86149484,0.35980967,-0.15216666,0.17034557,0.15596382
tokens,_,-0.01308061,-0.7427289,-0.22012511,-1.5627208,-0.46269056
tokens,_,0.009836849,0.33924344,-0.52054274,0.03919555,0.2901003
tokens,_,-0.07351939,0.50118506,-0.1402445,0.6187577,-0.016754543
tokens,_,0.55247104,0.6142661,-0.76248974,0.13040565,0.0806976
tokens,_,0.668256,-0.36271253,-0.43756673,0.3432962,0.9448001
tokens,_,-0.19438878,-0.038187195,-0.041045412,-0.010862479,0.26602656
tokens,_,-0.44061387,0.36295545,-0.0019811376,0.305212,-0.053644482
